Workbook
Name BT: 'DATA SHEET'!$B$540:$B$575
Name CHS: 'DATA SHEET'!$B$82:$B$198
Name Column: 'DATA SHEET'!$L$24
Name CT: 'DATA SHEET'!$B$579:$B$594
Name DimFolder: 'DATA SHEET'!$L$3:$M$19
Name EA: 'DATA SHEET'!$B$201:$B$248
Name FB: 'DATA SHEET'!$B$535:$B$537
Name Framing: 'DATA SHEET'!$L$25
Name PFC: 'DATA SHEET'!$B$490:$B$501
Name Purlins_Girths_Bracings: 'DATA SHEET'!$L$27
Name PurlinsxGirthsxBracings: 'DATA SHEET'!$L$16:$L$18
Name RHS: 'DATA SHEET'!$B$274:$B$368
Name Roof: 'DATA SHEET'!$L$26
Name SHS: 'DATA SHEET'!$B$386:$B$487
Name SteelType: Table27[Steel Type]
Name UA: 'DATA SHEET'!$B$251:$B$271
Name UB: 'DATA SHEET'!$B$3:$B$53
Name UC: 'DATA SHEET'!$B$56:$B$78
Name WB: 'DATA SHEET'!$B$504:$B$532
Name WC: 'DATA SHEET'!$B$597:$B$616

Sheet READ FIRST!!
A2: INSTRUCTIONS IN USING THIS FORMAT
A3: 1 | B3: Fill up cells highlighted in yellow only. As much as possible do not edit cells with formulas
B4: 1.a | C4: TAG/MARK - manually type the tagging based from plans
B5: 1.b | C5: STEEL TYPE & STEEL SECTION - a drop down list is provided, please choose corresponding steel types and section for given tag/mark
A6: 2 | B6: If steel type/section is not in the list, data is not yet available in the "DATA SHEET" tab. A blank row is provided at end of each table for adding another steel section. Please copy first the designated row for new data
A20: 3 | B20: You can navigate in "DATA SHEET" tab with hyperlinked cells

Sheet <PROJECT>
A1: <PROJECT> | K1: !! DO NOT EDIT BEYOND THIS COLUMN !!
A2: TYPE OF MEMBER (Don't leave blank if CSV file will be imported to costX) | B2: TAG/ MARK | C2: STEEL TYPE | D2: STEEL SECTION | E2: DESCRIPTION FOR PURLINS, GIRTHS, BRACINGS AND OTHERS | F2: UNIT WEIGHT | G2: SURFACE PERIMETER | H2: REMARKS/ADDITIONAL DESCRIPTION | I2: FORMAT | J2: Paste as values here for easier copying in costX/Cubit | L2: With number in tagging? | M2: Color Code | N2: Color Code | O2: Dimension Group Folder | P2: Folder* | Q2: Name* | R2: =Table2[[#Headers],[Measurement Type*]] -> Measurement Type* | S2: =Table2[[#Headers],[Default Display]] -> Default Display | T2: Weight Unit | U2: =Table2[[#Headers],[Positive Colour Name]] -> Positive Colour Name | V2: Negative Colour Name | W2: =Table2[[#Headers],[Positive Hatch/Symbol]] -> Positive Hatch/Symbol | X2: Negative Hatch/Symbol | Y2: ='DATA SHEET'!Q23 -> Name Formula Expression (Measured Dimensions) | Z2: ='DATA SHEET'!R23 -> Height Formula Expression (Measured Dimensions) | AA2: ='DATA SHEET'!S23 -> Count Formula Expression (Measured Dimensions) | AB2: ='DATA SHEET'!T23 -> Length Formula Expression (Measured Dimensions) | AC2: Weight Formula XNUMBER POSITION | AD2: Weight Formula Expression (Measured Dimensions) | AE2: Custom 1 Name | AF2: Custom 1 Unit | AG2: Custom 1 Formula XNUMBER position | AH2: Custom 1 Formula Expression (Measured Dimensions) | AI2: Custom 1 Formula Expression (BIM Dimensions) | AJ2: Custom 2 Name | AK2: Custom 2 Unit | AL2: =Table2[[#Headers],[Custom 2 Formula Expression (Measured Dimensions)]] -> Custom 2 Formula Expression (Measured Dimensions) | AM2: Custom 2 Formula Expression (BIM Dimensions) | AN2: Custom 3 Name | AO2: Custom 3 Unit | AP2: =Table2[[#Headers],[Custom 3 Formula Expression (Measured Dimensions)]] -> Custom 3 Formula Expression (Measured Dimensions) | AQ2: Custom 3 Formula Expression (BIM Dimensions)
A3: TEMPLATE | L3: TRUE | M3: {=IFERROR(_xlfn.IFS(R3="Count",RANDBETWEEN(1,COUNTIF($R$11:$R$653,"Count")),R3="Length",RANDBETWEEN(1,COUNTIF($R$11:$R$653,"Length"))),"")} | N3: =IFERROR(_xlfn.RANK.EQ(M3,$M$11:$M$653)+COUNTIF($M3:M$11,M3)-1,"") | O3: Flat Bar | P3: TO DELETE IN COSTX\Do not delete in CSV File | Q3: Do not delete in CSV file, delete when done importing in costX | R3: Count | S3: Weight | T3: t | U3: Orange | V3: Red | W3: Crosshairs | X3: Crosshairs | Y3: "mm high" | Z3: XNUMBER({Dimension Name},1)/1000 | AA3: [Count] | AB3: {Count}*{Height} | AC3: 4 | AD3: {Length}*XNUMBER({Dimension Group Name},4)/1000 | AE3: Steel Surface Area | AF3: m2 | AG3: 5 | AH3: {Length}*XNUMBER({Dimension Group Name},5)/1000
A4: Column | B4: PSC1 | C4: UC | D4: 75x5 Flat Bar | F4: {=IF(COUNT(FIND(PurlinsxGirthsxBracings,$C4))>0,0,ROUNDUP(IF(D4=0,0,VLOOKUP(D4,'DATA SHEET'!$B:$D,2,FALSE)),2))} -> 2.95 | G4: {=IF(COUNT(FIND(PurlinsxGirthsxBracings,$C4))>0,0,ROUNDUP(IF(D4=0,0,VLOOKUP(D4,'DATA SHEET'!$B:$D,3,FALSE)),2))} -> 160 | I4: {=IF(AND(ISBLANK(B4),ISBLANK(C4),ISBLANK(E4)),0,IF(COUNT(FIND(PurlinsxGirthsxBracings,$C4))>0,IF(B4=0,CONCATENATE(E4," ",C4),CONCATENATE(B4," - ",E4," ",C4)),IF(B4=0,IF(ISBLANK(C4),E4,CONCATENATE(D4,", ",F4,"kg/m, ",G4,"mm surface perimeter")),IF(AND(ISBLANK(C4),ISTEXT(E4)),CONCATENATE(B4," - ",E4),IF(AND(ISBLANK(C4),ISBLANK(E4)),B4,CONCATENATE(B4," - ",D4,", ",F4,"kg/m, ",G4,"mm surface perimeter"))))&IF(ISBLANK(H4),"",H4)))} -> PSC1 - 75x5 Flat Bar, 2.95kg/m, 160mm surface perimeter | L4: {=IF(COUNT(FIND({0,1,2,3,4,5,6,7,8,9},B4))>0,COUNT(FIND({0,1,2,3,4,5,6,7,8,9},B4))>0,"")} -> TRUE | M4: {=IFERROR(_xlfn.IFS(R4="Count",RANDBETWEEN(1,COUNTIF($R$11:$R$653,"Count")),R4="Length",RANDBETWEEN(1,COUNTIF($R$11:$R$653,"Length"))),"")} | N4: =IFERROR(_xlfn.RANK.EQ(M4,$M$11:$M$653)+COUNTIF($M4:M$11,M4)-1,"") | O4: =IF(A4='DATA SHEET'!$L$36,C4,IFERROR(IF(AND(ISTEXT(I4),ISBLANK(C4)),"No details",VLOOKUP(C4,DimFolder,2,FALSE)),"")) -> CHS, UB, UC, WB, WC, BT, CT | P4: =IF(AND(ISBLANK(B4),ISBLANK(C4)),"",CONCATENATE("Structural\Structural Steel\",A4,"\",O4)) -> Structural\Structural Steel\Column\CHS, UB, UC, WB, WC, BT, CT | Q4: =IF(AND(ISBLANK(B4),ISBLANK(C4)),"",I4) -> PSC1 - 75x5 Flat Bar, 2.95kg/m, 160mm surface perimeter | R4: {=IF(INDEX(Table2[],_xlfn.XMATCH($A4,Table2[Steel Member],0),_xlfn.XMATCH(R$2,Table2[#Headers],0))=0,"",INDEX(Table2[],_xlfn.XMATCH($A4,Table2[Steel Member],0),_xlfn.XMATCH(R$2,Table2[#Headers],0)))} -> Count | S4: {=IF(INDEX(Table2[],_xlfn.XMATCH($A4,Table2[Steel Member],0),_xlfn.XMATCH(S$2,Table2[#Headers],0))=0,"",INDEX(Table2[],_xlfn.XMATCH($A4,Table2[Steel Member],0),_xlfn.XMATCH(S$2,Table2[#Headers],0)))} -> Weight | T4: =IF(AND(ISBLANK(B4),ISBLANK(C4)),"","t") -> t | U4: {=IF(INDEX(Table2[],_xlfn.XMATCH($A4,Table2[Steel Member],0),_xlfn.XMATCH(U$2,Table2[#Headers],0))=0,"",INDEX(Table2[],_xlfn.XMATCH($A4,Table2[Steel Member],0),_xlfn.XMATCH(U$2,Table2[#Headers],0)))} -> Orange | V4: =IF(AND(ISBLANK(B4),ISBLANK(C4)),"","Red") -> Red | W4: {=IF(INDEX(Table2[],_xlfn.XMATCH($A4,Table2[Steel Member],0),_xlfn.XMATCH(W$2,Table2[#Headers],0))=0,"",INDEX(Table2[],_xlfn.XMATCH($A4,Table2[Steel Member],0),_xlfn.XMATCH(W$2,Table2[#Headers],0)))} -> Crosshairs | X4: =W4 -> Crosshairs | Y4: {=IF(INDEX(Table2[],_xlfn.XMATCH($A4,Table2[Steel Member],0),_xlfn.XMATCH(Y$2,Table2[#Headers],0))=0,"",INDEX(Table2[],_xlfn.XMATCH($A4,Table2[Steel Member],0),_xlfn.XMATCH(Y$2,Table2[#Headers],0)))} -> "mm high" | Z4: {=IF(INDEX(Table2[],_xlfn.XMATCH($A4,Table2[Steel Member],0),_xlfn.XMATCH(Z$2,Table2[#Headers],0))=0,"",INDEX(Table2[],_xlfn.XMATCH($A4,Table2[Steel Member],0),_xlfn.XMATCH(Z$2,Table2[#Headers],0)))} -> XNUMBER({Dimension Name},1)/1000 | AA4: {=IF(INDEX(Table2[],_xlfn.XMATCH($A4,Table2[Steel Member],0),_xlfn.XMATCH(AA$2,Table2[#Headers],0))=0,"",INDEX(Table2[],_xlfn.XMATCH($A4,Table2[Steel Member],0),_xlfn.XMATCH(AA$2,Table2[#Headers],0)))} -> [Count] | AB4: {=IF(INDEX(Table2[],_xlfn.XMATCH($A4,Table2[Steel Member],0),_xlfn.XMATCH(AB$2,Table2[#Headers],0))=0,"",INDEX(Table2[],_xlfn.XMATCH($A4,Table2[Steel Member],0),_xlfn.XMATCH(AB$2,Table2[#Headers],0)))} -> {Count}*{Height} | AC4: {=IFERROR(INDEX(Table8[],_xlfn.XMATCH($O4,Table8[Dimension Name Category],0),_xlfn.XMATCH(AC$2&IF($L4," w/ tag"," w/o tag"),Table8[#Headers],0)),"")} -> 4 | AD4: =IF(OR($AC4="",$AC4=0),"",IF($A4=Column,"{Length}*XNUMBER({Dimension Group Name},"&$AC4&")/1000","{Length}*XNUMBER({Dimension Group Name},"&$AC4&")/1000*{Slope Factor}")) -> {Length}*XNUMBER({Dimension Group Name},4)/1000 | AE4: =IF(AND(ISBLANK(B4),ISBLANK(C4)),"",IF($A4=Purlins_Girths_Bracings,"","Steel Surface Area")) -> Steel Surface Area | AF4: =IF(AND(ISBLANK(B4),ISBLANK(C4)),"",IF($A4=Purlins_Girths_Bracings,"","m2")) -> m2 | AG4: {=IFERROR(INDEX(Table8[],_xlfn.XMATCH($O4,Table8[Dimension Name Category],0),_xlfn.XMATCH(AG$2&IF($L4," w/ tag"," w/o tag"),Table8[#Headers],0)),"")} -> 5 | AH4: =IF(OR($AG4="",$AG4=0),"",IF($A4=Column,"{Length}*XNUMBER({Dimension Group Name},"&$AG4&")/1000","{Length}*XNUMBER({Dimension Group Name},"&$AG4&")/1000*{Slope Factor}")) -> {Length}*XNUMBER({Dimension Group Name},5)/1000 | AJ4: =IF(OR($A4=Column,$A4=""),"","Slope Length") | AK4: =IF(OR($A4=Column,$A4=""),"","m") | AL4: {=IF(INDEX(Table2[],_xlfn.XMATCH($A4,Table2[Steel Member],0),_xlfn.XMATCH(AL$2,Table2[#Headers],0))=0,"",INDEX(Table2[],_xlfn.XMATCH($A4,Table2[Steel Member],0),_xlfn.XMATCH(AL$2,Table2[#Headers],0)))} | AN4: =IF(OR($A4=Column,$A4=""),"","Slope Factor") | AP4: {=IF(INDEX(Table2[],_xlfn.XMATCH($A4,Table2[Steel Member],0),_xlfn.XMATCH(AP$2,Table2[#Headers],0))=0,"",INDEX(Table2[],_xlfn.XMATCH($A4,Table2[Steel Member],0),_xlfn.XMATCH(AP$2,Table2[#Headers],0)))}
A5: Framing | C5: UB | D5: 102x76x5RHS | F5: {=IF(COUNT(FIND(PurlinsxGirthsxBracings,$C5))>0,0,ROUNDUP(IF(D5=0,0,VLOOKUP(D5,'DATA SHEET'!$B:$D,2,FALSE)),2))} -> 12.5 | G5: {=IF(COUNT(FIND(PurlinsxGirthsxBracings,$C5))>0,0,ROUNDUP(IF(D5=0,0,VLOOKUP(D5,'DATA SHEET'!$B:$D,3,FALSE)),2))} -> 356 | I5: {=IF(AND(ISBLANK(B5),ISBLANK(C5),ISBLANK(E5)),0,IF(COUNT(FIND(PurlinsxGirthsxBracings,$C5))>0,IF(B5=0,CONCATENATE(E5," ",C5),CONCATENATE(B5," - ",E5," ",C5)),IF(B5=0,IF(ISBLANK(C5),E5,CONCATENATE(D5,", ",F5,"kg/m, ",G5,"mm surface perimeter")),IF(AND(ISBLANK(C5),ISTEXT(E5)),CONCATENATE(B5," - ",E5),IF(AND(ISBLANK(C5),ISBLANK(E5)),B5,CONCATENATE(B5," - ",D5,", ",F5,"kg/m, ",G5,"mm surface perimeter"))))&IF(ISBLANK(H5),"",H5)))} -> 102x76x5RHS, 12.5kg/m, 356mm surface perimeter | L5: {=IF(COUNT(FIND({0,1,2,3,4,5,6,7,8,9},B5))>0,COUNT(FIND({0,1,2,3,4,5,6,7,8,9},B5))>0,"")} | M5: {=IFERROR(_xlfn.IFS(R5="Count",RANDBETWEEN(1,COUNTIF($R$11:$R$653,"Count")),R5="Length",RANDBETWEEN(1,COUNTIF($R$11:$R$653,"Length"))),"")} -> 2 | N5: =IFERROR(_xlfn.RANK.EQ(M5,$M$11:$M$653)+COUNTIF($M5:M$11,M5)-1,"") -> 13 | O5: =IF(A5='DATA SHEET'!$L$36,C5,IFERROR(IF(AND(ISTEXT(I5),ISBLANK(C5)),"No details",VLOOKUP(C5,DimFolder,2,FALSE)),"")) -> CHS, UB, UC, WB, WC, BT, CT | P5: =IF(AND(ISBLANK(B5),ISBLANK(C5)),"",CONCATENATE("Structural\Structural Steel\",A5,"\",O5)) -> Structural\Structural Steel\Framing\CHS, UB, UC, WB, WC, BT, CT | Q5: =IF(AND(ISBLANK(B5),ISBLANK(C5)),"",I5) -> 102x76x5RHS, 12.5kg/m, 356mm surface perimeter | R5: {=IF(INDEX(Table2[],_xlfn.XMATCH($A5,Table2[Steel Member],0),_xlfn.XMATCH(R$2,Table2[#Headers],0))=0,"",INDEX(Table2[],_xlfn.XMATCH($A5,Table2[Steel Member],0),_xlfn.XMATCH(R$2,Table2[#Headers],0)))} -> Length | S5: {=IF(INDEX(Table2[],_xlfn.XMATCH($A5,Table2[Steel Member],0),_xlfn.XMATCH(S$2,Table2[#Headers],0))=0,"",INDEX(Table2[],_xlfn.XMATCH($A5,Table2[Steel Member],0),_xlfn.XMATCH(S$2,Table2[#Headers],0)))} -> Weight | T5: =IF(AND(ISBLANK(B5),ISBLANK(C5)),"","t") -> t | U5: {=IF(INDEX(Table2[],_xlfn.XMATCH($A5,Table2[Steel Member],0),_xlfn.XMATCH(U$2,Table2[#Headers],0))=0,"",INDEX(Table2[],_xlfn.XMATCH($A5,Table2[Steel Member],0),_xlfn.XMATCH(U$2,Table2[#Headers],0)))} -> Blue | V5: =IF(AND(ISBLANK(B5),ISBLANK(C5)),"","Red") -> Red | W5: {=IF(INDEX(Table2[],_xlfn.XMATCH($A5,Table2[Steel Member],0),_xlfn.XMATCH(W$2,Table2[#Headers],0))=0,"",INDEX(Table2[],_xlfn.XMATCH($A5,Table2[Steel Member],0),_xlfn.XMATCH(W$2,Table2[#Headers],0)))} | X5: =W5 | Y5: {=IF(INDEX(Table2[],_xlfn.XMATCH($A5,Table2[Steel Member],0),_xlfn.XMATCH(Y$2,Table2[#Headers],0))=0,"",INDEX(Table2[],_xlfn.XMATCH($A5,Table2[Steel Member],0),_xlfn.XMATCH(Y$2,Table2[#Headers],0)))} -> "0 degrees" | Z5: {=IF(INDEX(Table2[],_xlfn.XMATCH($A5,Table2[Steel Member],0),_xlfn.XMATCH(Z$2,Table2[#Headers],0))=0,"",INDEX(Table2[],_xlfn.XMATCH($A5,Table2[Steel Member],0),_xlfn.XMATCH(Z$2,Table2[#Headers],0)))} | AA5: {=IF(INDEX(Table2[],_xlfn.XMATCH($A5,Table2[Steel Member],0),_xlfn.XMATCH(AA$2,Table2[#Headers],0))=0,"",INDEX(Table2[],_xlfn.XMATCH($A5,Table2[Steel Member],0),_xlfn.XMATCH(AA$2,Table2[#Headers],0)))} -> [Count] | AB5: {=IF(INDEX(Table2[],_xlfn.XMATCH($A5,Table2[Steel Member],0),_xlfn.XMATCH(AB$2,Table2[#Headers],0))=0,"",INDEX(Table2[],_xlfn.XMATCH($A5,Table2[Steel Member],0),_xlfn.XMATCH(AB$2,Table2[#Headers],0)))} -> [Length] | AC5: {=IFERROR(INDEX(Table8[],_xlfn.XMATCH($O5,Table8[Dimension Name Category],0),_xlfn.XMATCH(AC$2&IF($L5," w/ tag"," w/o tag"),Table8[#Headers],0)),"")} | AD5: =IF(OR($AC5="",$AC5=0),"",IF($A5=Column,"{Length}*XNUMBER({Dimension Group Name},"&$AC5&")/1000","{Length}*XNUMBER({Dimension Group Name},"&$AC5&")/1000*{Slope Factor}")) | AE5: =IF(AND(ISBLANK(B5),ISBLANK(C5)),"",IF($A5=Purlins_Girths_Bracings,"","Steel Surface Area")) -> Steel Surface Area | AF5: =IF(AND(ISBLANK(B5),ISBLANK(C5)),"",IF($A5=Purlins_Girths_Bracings,"","m2")) -> m2 | AG5: {=IFERROR(INDEX(Table8[],_xlfn.XMATCH($O5,Table8[Dimension Name Category],0),_xlfn.XMATCH(AG$2&IF($L5," w/ tag"," w/o tag"),Table8[#Headers],0)),"")} | AH5: =IF(OR($AG5="",$AG5=0),"",IF($A5=Column,"{Length}*XNUMBER({Dimension Group Name},"&$AG5&")/1000","{Length}*XNUMBER({Dimension Group Name},"&$AG5&")/1000*{Slope Factor}")) | AJ5: =IF(OR($A5=Column,$A5=""),"","Slope Length") -> Slope Length | AK5: =IF(OR($A5=Column,$A5=""),"","m") -> m | AL5: {=IF(INDEX(Table2[],_xlfn.XMATCH($A5,Table2[Steel Member],0),_xlfn.XMATCH(AL$2,Table2[#Headers],0))=0,"",INDEX(Table2[],_xlfn.XMATCH($A5,Table2[Steel Member],0),_xlfn.XMATCH(AL$2,Table2[#Headers],0)))} -> [Length]*{Slope Factor} | AN5: =IF(OR($A5=Column,$A5=""),"","Slope Factor") -> Slope Factor | AP5: {=IF(INDEX(Table2[],_xlfn.XMATCH($A5,Table2[Steel Member],0),_xlfn.XMATCH(AP$2,Table2[#Headers],0))=0,"",INDEX(Table2[],_xlfn.XMATCH($A5,Table2[Steel Member],0),_xlfn.XMATCH(AP$2,Table2[#Headers],0)))} -> 1/COS(RADIANS(XNUMBER({Dimension Name},1)))
A6: Purlins, Girts and Bracings | C6: Bracings | E6: 20mm dia. Rod | F6: {=IF(COUNT(FIND(PurlinsxGirthsxBracings,$C6))>0,0,ROUNDUP(IF(D6=0,0,VLOOKUP(D6,'DATA SHEET'!$B:$D,2,FALSE)),2))} -> 0 | G6: {=IF(COUNT(FIND(PurlinsxGirthsxBracings,$C6))>0,0,ROUNDUP(IF(D6=0,0,VLOOKUP(D6,'DATA SHEET'!$B:$D,3,FALSE)),2))} -> 0 | I6: {=IF(AND(ISBLANK(B6),ISBLANK(C6),ISBLANK(E6)),0,IF(COUNT(FIND(PurlinsxGirthsxBracings,$C6))>0,IF(B6=0,CONCATENATE(E6," ",C6),CONCATENATE(B6," - ",E6," ",C6)),IF(B6=0,IF(ISBLANK(C6),E6,CONCATENATE(D6,", ",F6,"kg/m, ",G6,"mm surface perimeter")),IF(AND(ISBLANK(C6),ISTEXT(E6)),CONCATENATE(B6," - ",E6),IF(AND(ISBLANK(C6),ISBLANK(E6)),B6,CONCATENATE(B6," - ",D6,", ",F6,"kg/m, ",G6,"mm surface perimeter"))))&IF(ISBLANK(H6),"",H6)))} -> 20mm dia. Rod Bracings | L6: {=IF(COUNT(FIND({0,1,2,3,4,5,6,7,8,9},B6))>0,COUNT(FIND({0,1,2,3,4,5,6,7,8,9},B6))>0,"")} | M6: {=IFERROR(_xlfn.IFS(R6="Count",RANDBETWEEN(1,COUNTIF($R$11:$R$653,"Count")),R6="Length",RANDBETWEEN(1,COUNTIF($R$11:$R$653,"Length"))),"")} -> 13 | N6: =IFERROR(_xlfn.RANK.EQ(M6,$M$11:$M$653)+COUNTIF($M6:M$11,M6)-1,"") -> 3 | O6: =IF(A6='DATA SHEET'!$L$36,C6,IFERROR(IF(AND(ISTEXT(I6),ISBLANK(C6)),"No details",VLOOKUP(C6,DimFolder,2,FALSE)),"")) -> Bracings | P6: =IF(AND(ISBLANK(B6),ISBLANK(C6)),"",CONCATENATE("Structural\Structural Steel\",A6,"\",O6)) -> Structural\Structural Steel\Purlins, Girts and Bracings\Bracings | Q6: =IF(AND(ISBLANK(B6),ISBLANK(C6)),"",I6) -> 20mm dia. Rod Bracings | R6: {=IF(INDEX(Table2[],_xlfn.XMATCH($A6,Table2[Steel Member],0),_xlfn.XMATCH(R$2,Table2[#Headers],0))=0,"",INDEX(Table2[],_xlfn.XMATCH($A6,Table2[Steel Member],0),_xlfn.XMATCH(R$2,Table2[#Headers],0)))} -> Length | S6: {=IF(INDEX(Table2[],_xlfn.XMATCH($A6,Table2[Steel Member],0),_xlfn.XMATCH(S$2,Table2[#Headers],0))=0,"",INDEX(Table2[],_xlfn.XMATCH($A6,Table2[Steel Member],0),_xlfn.XMATCH(S$2,Table2[#Headers],0)))} -> Slope Length | T6: =IF(AND(ISBLANK(B6),ISBLANK(C6)),"","t") -> t | U6: {=IF(INDEX(Table2[],_xlfn.XMATCH($A6,Table2[Steel Member],0),_xlfn.XMATCH(U$2,Table2[#Headers],0))=0,"",INDEX(Table2[],_xlfn.XMATCH($A6,Table2[Steel Member],0),_xlfn.XMATCH(U$2,Table2[#Headers],0)))} -> Aqua | V6: =IF(AND(ISBLANK(B6),ISBLANK(C6)),"","Red") -> Red | W6: {=IF(INDEX(Table2[],_xlfn.XMATCH($A6,Table2[Steel Member],0),_xlfn.XMATCH(W$2,Table2[#Headers],0))=0,"",INDEX(Table2[],_xlfn.XMATCH($A6,Table2[Steel Member],0),_xlfn.XMATCH(W$2,Table2[#Headers],0)))} | X6: =W6 | Y6: {=IF(INDEX(Table2[],_xlfn.XMATCH($A6,Table2[Steel Member],0),_xlfn.XMATCH(Y$2,Table2[#Headers],0))=0,"",INDEX(Table2[],_xlfn.XMATCH($A6,Table2[Steel Member],0),_xlfn.XMATCH(Y$2,Table2[#Headers],0)))} -> "0 degrees" | Z6: {=IF(INDEX(Table2[],_xlfn.XMATCH($A6,Table2[Steel Member],0),_xlfn.XMATCH(Z$2,Table2[#Headers],0))=0,"",INDEX(Table2[],_xlfn.XMATCH($A6,Table2[Steel Member],0),_xlfn.XMATCH(Z$2,Table2[#Headers],0)))} | AA6: {=IF(INDEX(Table2[],_xlfn.XMATCH($A6,Table2[Steel Member],0),_xlfn.XMATCH(AA$2,Table2[#Headers],0))=0,"",INDEX(Table2[],_xlfn.XMATCH($A6,Table2[Steel Member],0),_xlfn.XMATCH(AA$2,Table2[#Headers],0)))} -> [Count] | AB6: {=IF(INDEX(Table2[],_xlfn.XMATCH($A6,Table2[Steel Member],0),_xlfn.XMATCH(AB$2,Table2[#Headers],0))=0,"",INDEX(Table2[],_xlfn.XMATCH($A6,Table2[Steel Member],0),_xlfn.XMATCH(AB$2,Table2[#Headers],0)))} -> [Length] | AC6: {=IFERROR(INDEX(Table8[],_xlfn.XMATCH($O6,Table8[Dimension Name Category],0),_xlfn.XMATCH(AC$2&IF($L6," w/ tag"," w/o tag"),Table8[#Headers],0)),"")} | AD6: =IF(OR($AC6="",$AC6=0),"",IF($A6=Column,"{Length}*XNUMBER({Dimension Group Name},"&$AC6&")/1000","{Length}*XNUMBER({Dimension Group Name},"&$AC6&")/1000*{Slope Factor}")) | AE6: =IF(AND(ISBLANK(B6),ISBLANK(C6)),"",IF($A6=Purlins_Girths_Bracings,"","Steel Surface Area")) | AF6: =IF(AND(ISBLANK(B6),ISBLANK(C6)),"",IF($A6=Purlins_Girths_Bracings,"","m2")) | AG6: {=IFERROR(INDEX(Table8[],_xlfn.XMATCH($O6,Table8[Dimension Name Category],0),_xlfn.XMATCH(AG$2&IF($L6," w/ tag"," w/o tag"),Table8[#Headers],0)),"")} | AH6: =IF(OR($AG6="",$AG6=0),"",IF($A6=Column,"{Length}*XNUMBER({Dimension Group Name},"&$AG6&")/1000","{Length}*XNUMBER({Dimension Group Name},"&$AG6&")/1000*{Slope Factor}")) | AJ6: =IF(OR($A6=Column,$A6=""),"","Slope Length") -> Slope Length | AK6: =IF(OR($A6=Column,$A6=""),"","m") -> m | AL6: {=IF(INDEX(Table2[],_xlfn.XMATCH($A6,Table2[Steel Member],0),_xlfn.XMATCH(AL$2,Table2[#Headers],0))=0,"",INDEX(Table2[],_xlfn.XMATCH($A6,Table2[Steel Member],0),_xlfn.XMATCH(AL$2,Table2[#Headers],0)))} -> [Length]*{Slope Factor} | AN6: =IF(OR($A6=Column,$A6=""),"","Slope Factor") -> Slope Factor | AP6: {=IF(INDEX(Table2[],_xlfn.XMATCH($A6,Table2[Steel Member],0),_xlfn.XMATCH(AP$2,Table2[#Headers],0))=0,"",INDEX(Table2[],_xlfn.XMATCH($A6,Table2[Steel Member],0),_xlfn.XMATCH(AP$2,Table2[#Headers],0)))} -> 1/COS(RADIANS(XNUMBER({Dimension Name},1)))
F7: {=IF(COUNT(FIND(PurlinsxGirthsxBracings,$C7))>0,0,ROUNDUP(IF(D7=0,0,VLOOKUP(D7,'DATA SHEET'!$B:$D,2,FALSE)),2))} -> 0 | G7: {=IF(COUNT(FIND(PurlinsxGirthsxBracings,$C7))>0,0,ROUNDUP(IF(D7=0,0,VLOOKUP(D7,'DATA SHEET'!$B:$D,3,FALSE)),2))} -> 0 | I7: {=IF(AND(ISBLANK(B7),ISBLANK(C7),ISBLANK(E7)),0,IF(COUNT(FIND(PurlinsxGirthsxBracings,$C7))>0,IF(B7=0,CONCATENATE(E7," ",C7),CONCATENATE(B7," - ",E7," ",C7)),IF(B7=0,IF(ISBLANK(C7),E7,CONCATENATE(D7,", ",F7,"kg/m, ",G7,"mm surface perimeter")),IF(AND(ISBLANK(C7),ISTEXT(E7)),CONCATENATE(B7," - ",E7),IF(AND(ISBLANK(C7),ISBLANK(E7)),B7,CONCATENATE(B7," - ",D7,", ",F7,"kg/m, ",G7,"mm surface perimeter"))))&IF(ISBLANK(H7),"",H7)))} -> 0 | L7: {=IF(COUNT(FIND({0,1,2,3,4,5,6,7,8,9},B7))>0,COUNT(FIND({0,1,2,3,4,5,6,7,8,9},B7))>0,"")} | M7: {=IFERROR(_xlfn.IFS(R7="Count",RANDBETWEEN(1,COUNTIF($R$11:$R$653,"Count")),R7="Length",RANDBETWEEN(1,COUNTIF($R$11:$R$653,"Length"))),"")} | N7: =IFERROR(_xlfn.RANK.EQ(M7,$M$11:$M$653)+COUNTIF($M7:M$11,M7)-1,"") | O7: =IF(A7='DATA SHEET'!$L$36,C7,IFERROR(IF(AND(ISTEXT(I7),ISBLANK(C7)),"No details",VLOOKUP(C7,DimFolder,2,FALSE)),"")) | P7: =IF(AND(ISBLANK(B7),ISBLANK(C7)),"",CONCATENATE("Structural\Structural Steel\",A7,"\",O7)) | Q7: =IF(AND(ISBLANK(B7),ISBLANK(C7)),"",I7) | R7: {=IF(INDEX(Table2[],_xlfn.XMATCH($A7,Table2[Steel Member],0),_xlfn.XMATCH(R$2,Table2[#Headers],0))=0,"",INDEX(Table2[],_xlfn.XMATCH($A7,Table2[Steel Member],0),_xlfn.XMATCH(R$2,Table2[#Headers],0)))} -> #N/A | S7: {=IF(INDEX(Table2[],_xlfn.XMATCH($A7,Table2[Steel Member],0),_xlfn.XMATCH(S$2,Table2[#Headers],0))=0,"",INDEX(Table2[],_xlfn.XMATCH($A7,Table2[Steel Member],0),_xlfn.XMATCH(S$2,Table2[#Headers],0)))} -> #N/A | T7: =IF(AND(ISBLANK(B7),ISBLANK(C7)),"","t") | U7: {=IF(INDEX(Table2[],_xlfn.XMATCH($A7,Table2[Steel Member],0),_xlfn.XMATCH(U$2,Table2[#Headers],0))=0,"",INDEX(Table2[],_xlfn.XMATCH($A7,Table2[Steel Member],0),_xlfn.XMATCH(U$2,Table2[#Headers],0)))} -> #N/A | V7: =IF(AND(ISBLANK(B7),ISBLANK(C7)),"","Red") | W7: {=IF(INDEX(Table2[],_xlfn.XMATCH($A7,Table2[Steel Member],0),_xlfn.XMATCH(W$2,Table2[#Headers],0))=0,"",INDEX(Table2[],_xlfn.XMATCH($A7,Table2[Steel Member],0),_xlfn.XMATCH(W$2,Table2[#Headers],0)))} -> #N/A | X7: =W7 -> #N/A | Y7: {=IF(INDEX(Table2[],_xlfn.XMATCH($A7,Table2[Steel Member],0),_xlfn.XMATCH(Y$2,Table2[#Headers],0))=0,"",INDEX(Table2[],_xlfn.XMATCH($A7,Table2[Steel Member],0),_xlfn.XMATCH(Y$2,Table2[#Headers],0)))} -> #N/A | Z7: {=IF(INDEX(Table2[],_xlfn.XMATCH($A7,Table2[Steel Member],0),_xlfn.XMATCH(Z$2,Table2[#Headers],0))=0,"",INDEX(Table2[],_xlfn.XMATCH($A7,Table2[Steel Member],0),_xlfn.XMATCH(Z$2,Table2[#Headers],0)))} -> #N/A | AA7: {=IF(INDEX(Table2[],_xlfn.XMATCH($A7,Table2[Steel Member],0),_xlfn.XMATCH(AA$2,Table2[#Headers],0))=0,"",INDEX(Table2[],_xlfn.XMATCH($A7,Table2[Steel Member],0),_xlfn.XMATCH(AA$2,Table2[#Headers],0)))} -> #N/A | AB7: {=IF(INDEX(Table2[],_xlfn.XMATCH($A7,Table2[Steel Member],0),_xlfn.XMATCH(AB$2,Table2[#Headers],0))=0,"",INDEX(Table2[],_xlfn.XMATCH($A7,Table2[Steel Member],0),_xlfn.XMATCH(AB$2,Table2[#Headers],0)))} -> #N/A | AC7: {=IFERROR(INDEX(Table8[],_xlfn.XMATCH($O7,Table8[Dimension Name Category],0),_xlfn.XMATCH(AC$2&IF($L7," w/ tag"," w/o tag"),Table8[#Headers],0)),"")} | AD7: =IF(OR($AC7="",$AC7=0),"",IF($A7=Column,"{Length}*XNUMBER({Dimension Group Name},"&$AC7&")/1000","{Length}*XNUMBER({Dimension Group Name},"&$AC7&")/1000*{Slope Factor}")) | AE7: =IF(AND(ISBLANK(B7),ISBLANK(C7)),"",IF($A7=Purlins_Girths_Bracings,"","Steel Surface Area")) | AF7: =IF(AND(ISBLANK(B7),ISBLANK(C7)),"",IF($A7=Purlins_Girths_Bracings,"","m2")) | AG7: {=IFERROR(INDEX(Table8[],_xlfn.XMATCH($O7,Table8[Dimension Name Category],0),_xlfn.XMATCH(AG$2&IF($L7," w/ tag"," w/o tag"),Table8[#Headers],0)),"")} | AH7: =IF(OR($AG7="",$AG7=0),"",IF($A7=Column,"{Length}*XNUMBER({Dimension Group Name},"&$AG7&")/1000","{Length}*XNUMBER({Dimension Group Name},"&$AG7&")/1000*{Slope Factor}")) | AJ7: =IF(OR($A7=Column,$A7=""),"","Slope Length") | AK7: =IF(OR($A7=Column,$A7=""),"","m") | AL7: {=IF(INDEX(Table2[],_xlfn.XMATCH($A7,Table2[Steel Member],0),_xlfn.XMATCH(AL$2,Table2[#Headers],0))=0,"",INDEX(Table2[],_xlfn.XMATCH($A7,Table2[Steel Member],0),_xlfn.XMATCH(AL$2,Table2[#Headers],0)))} -> #N/A | AN7: =IF(OR($A7=Column,$A7=""),"","Slope Factor") | AP7: {=IF(INDEX(Table2[],_xlfn.XMATCH($A7,Table2[Steel Member],0),_xlfn.XMATCH(AP$2,Table2[#Headers],0))=0,"",INDEX(Table2[],_xlfn.XMATCH($A7,Table2[Steel Member],0),_xlfn.XMATCH(AP$2,Table2[#Headers],0)))} -> #N/A
F8: {=IF(COUNT(FIND(PurlinsxGirthsxBracings,$C8))>0,0,ROUNDUP(IF(D8=0,0,VLOOKUP(D8,'DATA SHEET'!$B:$D,2,FALSE)),2))} -> 0 | G8: {=IF(COUNT(FIND(PurlinsxGirthsxBracings,$C8))>0,0,ROUNDUP(IF(D8=0,0,VLOOKUP(D8,'DATA SHEET'!$B:$D,3,FALSE)),2))} -> 0 | I8: {=IF(AND(ISBLANK(B8),ISBLANK(C8),ISBLANK(E8)),0,IF(COUNT(FIND(PurlinsxGirthsxBracings,$C8))>0,IF(B8=0,CONCATENATE(E8," ",C8),CONCATENATE(B8," - ",E8," ",C8)),IF(B8=0,IF(ISBLANK(C8),E8,CONCATENATE(D8,", ",F8,"kg/m, ",G8,"mm surface perimeter")),IF(AND(ISBLANK(C8),ISTEXT(E8)),CONCATENATE(B8," - ",E8),IF(AND(ISBLANK(C8),ISBLANK(E8)),B8,CONCATENATE(B8," - ",D8,", ",F8,"kg/m, ",G8,"mm surface perimeter"))))&IF(ISBLANK(H8),"",H8)))} -> 0 | L8: {=IF(COUNT(FIND({0,1,2,3,4,5,6,7,8,9},B8))>0,COUNT(FIND({0,1,2,3,4,5,6,7,8,9},B8))>0,"")} | M8: {=IFERROR(_xlfn.IFS(R8="Count",RANDBETWEEN(1,COUNTIF($R$11:$R$653,"Count")),R8="Length",RANDBETWEEN(1,COUNTIF($R$11:$R$653,"Length"))),"")} | N8: =IFERROR(_xlfn.RANK.EQ(M8,$M$11:$M$653)+COUNTIF($M8:M$11,M8)-1,"") | O8: =IF(A8='DATA SHEET'!$L$36,C8,IFERROR(IF(AND(ISTEXT(I8),ISBLANK(C8)),"No details",VLOOKUP(C8,DimFolder,2,FALSE)),"")) | P8: =IF(AND(ISBLANK(B8),ISBLANK(C8)),"",CONCATENATE("Structural\Structural Steel\",A8,"\",O8)) | Q8: =IF(AND(ISBLANK(B8),ISBLANK(C8)),"",I8) | R8: {=IF(INDEX(Table2[],_xlfn.XMATCH($A8,Table2[Steel Member],0),_xlfn.XMATCH(R$2,Table2[#Headers],0))=0,"",INDEX(Table2[],_xlfn.XMATCH($A8,Table2[Steel Member],0),_xlfn.XMATCH(R$2,Table2[#Headers],0)))} -> #N/A | S8: {=IF(INDEX(Table2[],_xlfn.XMATCH($A8,Table2[Steel Member],0),_xlfn.XMATCH(S$2,Table2[#Headers],0))=0,"",INDEX(Table2[],_xlfn.XMATCH($A8,Table2[Steel Member],0),_xlfn.XMATCH(S$2,Table2[#Headers],0)))} -> #N/A | T8: =IF(AND(ISBLANK(B8),ISBLANK(C8)),"","t") | U8: {=IF(INDEX(Table2[],_xlfn.XMATCH($A8,Table2[Steel Member],0),_xlfn.XMATCH(U$2,Table2[#Headers],0))=0,"",INDEX(Table2[],_xlfn.XMATCH($A8,Table2[Steel Member],0),_xlfn.XMATCH(U$2,Table2[#Headers],0)))} -> #N/A | V8: =IF(AND(ISBLANK(B8),ISBLANK(C8)),"","Red") | W8: {=IF(INDEX(Table2[],_xlfn.XMATCH($A8,Table2[Steel Member],0),_xlfn.XMATCH(W$2,Table2[#Headers],0))=0,"",INDEX(Table2[],_xlfn.XMATCH($A8,Table2[Steel Member],0),_xlfn.XMATCH(W$2,Table2[#Headers],0)))} -> #N/A | X8: =W8 -> #N/A | Y8: {=IF(INDEX(Table2[],_xlfn.XMATCH($A8,Table2[Steel Member],0),_xlfn.XMATCH(Y$2,Table2[#Headers],0))=0,"",INDEX(Table2[],_xlfn.XMATCH($A8,Table2[Steel Member],0),_xlfn.XMATCH(Y$2,Table2[#Headers],0)))} -> #N/A | Z8: {=IF(INDEX(Table2[],_xlfn.XMATCH($A8,Table2[Steel Member],0),_xlfn.XMATCH(Z$2,Table2[#Headers],0))=0,"",INDEX(Table2[],_xlfn.XMATCH($A8,Table2[Steel Member],0),_xlfn.XMATCH(Z$2,Table2[#Headers],0)))} -> #N/A | AA8: {=IF(INDEX(Table2[],_xlfn.XMATCH($A8,Table2[Steel Member],0),_xlfn.XMATCH(AA$2,Table2[#Headers],0))=0,"",INDEX(Table2[],_xlfn.XMATCH($A8,Table2[Steel Member],0),_xlfn.XMATCH(AA$2,Table2[#Headers],0)))} -> #N/A | AB8: {=IF(INDEX(Table2[],_xlfn.XMATCH($A8,Table2[Steel Member],0),_xlfn.XMATCH(AB$2,Table2[#Headers],0))=0,"",INDEX(Table2[],_xlfn.XMATCH($A8,Table2[Steel Member],0),_xlfn.XMATCH(AB$2,Table2[#Headers],0)))} -> #N/A | AC8: {=IFERROR(INDEX(Table8[],_xlfn.XMATCH($O8,Table8[Dimension Name Category],0),_xlfn.XMATCH(AC$2&IF($L8," w/ tag"," w/o tag"),Table8[#Headers],0)),"")} | AD8: =IF(OR($AC8="",$AC8=0),"",IF($A8=Column,"{Length}*XNUMBER({Dimension Group Name},"&$AC8&")/1000","{Length}*XNUMBER({Dimension Group Name},"&$AC8&")/1000*{Slope Factor}")) | AE8: =IF(AND(ISBLANK(B8),ISBLANK(C8)),"",IF($A8=Purlins_Girths_Bracings,"","Steel Surface Area")) | AF8: =IF(AND(ISBLANK(B8),ISBLANK(C8)),"",IF($A8=Purlins_Girths_Bracings,"","m2")) | AG8: {=IFERROR(INDEX(Table8[],_xlfn.XMATCH($O8,Table8[Dimension Name Category],0),_xlfn.XMATCH(AG$2&IF($L8," w/ tag"," w/o tag"),Table8[#Headers],0)),"")} | AH8: =IF(OR($AG8="",$AG8=0),"",IF($A8=Column,"{Length}*XNUMBER({Dimension Group Name},"&$AG8&")/1000","{Length}*XNUMBER({Dimension Group Name},"&$AG8&")/1000*{Slope Factor}")) | AJ8: =IF(OR($A8=Column,$A8=""),"","Slope Length") | AK8: =IF(OR($A8=Column,$A8=""),"","m") | AL8: {=IF(INDEX(Table2[],_xlfn.XMATCH($A8,Table2[Steel Member],0),_xlfn.XMATCH(AL$2,Table2[#Headers],0))=0,"",INDEX(Table2[],_xlfn.XMATCH($A8,Table2[Steel Member],0),_xlfn.XMATCH(AL$2,Table2[#Headers],0)))} -> #N/A | AN8: =IF(OR($A8=Column,$A8=""),"","Slope Factor") | AP8: {=IF(INDEX(Table2[],_xlfn.XMATCH($A8,Table2[Steel Member],0),_xlfn.XMATCH(AP$2,Table2[#Headers],0))=0,"",INDEX(Table2[],_xlfn.XMATCH($A8,Table2[Steel Member],0),_xlfn.XMATCH(AP$2,Table2[#Headers],0)))} -> #N/A
F9: {=IF(COUNT(FIND(PurlinsxGirthsxBracings,$C9))>0,0,ROUNDUP(IF(D9=0,0,VLOOKUP(D9,'DATA SHEET'!$B:$D,2,FALSE)),2))} -> 0 | G9: {=IF(COUNT(FIND(PurlinsxGirthsxBracings,$C9))>0,0,ROUNDUP(IF(D9=0,0,VLOOKUP(D9,'DATA SHEET'!$B:$D,3,FALSE)),2))} -> 0 | I9: {=IF(AND(ISBLANK(B9),ISBLANK(C9),ISBLANK(E9)),0,IF(COUNT(FIND(PurlinsxGirthsxBracings,$C9))>0,IF(B9=0,CONCATENATE(E9," ",C9),CONCATENATE(B9," - ",E9," ",C9)),IF(B9=0,IF(ISBLANK(C9),E9,CONCATENATE(D9,", ",F9,"kg/m, ",G9,"mm surface perimeter")),IF(AND(ISBLANK(C9),ISTEXT(E9)),CONCATENATE(B9," - ",E9),IF(AND(ISBLANK(C9),ISBLANK(E9)),B9,CONCATENATE(B9," - ",D9,", ",F9,"kg/m, ",G9,"mm surface perimeter"))))&IF(ISBLANK(H9),"",H9)))} -> 0 | L9: {=IF(COUNT(FIND({0,1,2,3,4,5,6,7,8,9},B9))>0,COUNT(FIND({0,1,2,3,4,5,6,7,8,9},B9))>0,"")} | M9: {=IFERROR(_xlfn.IFS(R9="Count",RANDBETWEEN(1,COUNTIF($R$11:$R$653,"Count")),R9="Length",RANDBETWEEN(1,COUNTIF($R$11:$R$653,"Length"))),"")} | N9: =IFERROR(_xlfn.RANK.EQ(M9,$M$11:$M$653)+COUNTIF($M9:M$11,M9)-1,"") | O9: =IF(A9='DATA SHEET'!$L$36,C9,IFERROR(IF(AND(ISTEXT(I9),ISBLANK(C9)),"No details",VLOOKUP(C9,DimFolder,2,FALSE)),"")) | P9: =IF(AND(ISBLANK(B9),ISBLANK(C9)),"",CONCATENATE("Structural\Structural Steel\",A9,"\",O9)) | Q9: =IF(AND(ISBLANK(B9),ISBLANK(C9)),"",I9) | R9: {=IF(INDEX(Table2[],_xlfn.XMATCH($A9,Table2[Steel Member],0),_xlfn.XMATCH(R$2,Table2[#Headers],0))=0,"",INDEX(Table2[],_xlfn.XMATCH($A9,Table2[Steel Member],0),_xlfn.XMATCH(R$2,Table2[#Headers],0)))} -> #N/A | S9: {=IF(INDEX(Table2[],_xlfn.XMATCH($A9,Table2[Steel Member],0),_xlfn.XMATCH(S$2,Table2[#Headers],0))=0,"",INDEX(Table2[],_xlfn.XMATCH($A9,Table2[Steel Member],0),_xlfn.XMATCH(S$2,Table2[#Headers],0)))} -> #N/A | T9: =IF(AND(ISBLANK(B9),ISBLANK(C9)),"","t") | U9: {=IF(INDEX(Table2[],_xlfn.XMATCH($A9,Table2[Steel Member],0),_xlfn.XMATCH(U$2,Table2[#Headers],0))=0,"",INDEX(Table2[],_xlfn.XMATCH($A9,Table2[Steel Member],0),_xlfn.XMATCH(U$2,Table2[#Headers],0)))} -> #N/A | V9: =IF(AND(ISBLANK(B9),ISBLANK(C9)),"","Red") | W9: {=IF(INDEX(Table2[],_xlfn.XMATCH($A9,Table2[Steel Member],0),_xlfn.XMATCH(W$2,Table2[#Headers],0))=0,"",INDEX(Table2[],_xlfn.XMATCH($A9,Table2[Steel Member],0),_xlfn.XMATCH(W$2,Table2[#Headers],0)))} -> #N/A | X9: =W9 -> #N/A | Y9: {=IF(INDEX(Table2[],_xlfn.XMATCH($A9,Table2[Steel Member],0),_xlfn.XMATCH(Y$2,Table2[#Headers],0))=0,"",INDEX(Table2[],_xlfn.XMATCH($A9,Table2[Steel Member],0),_xlfn.XMATCH(Y$2,Table2[#Headers],0)))} -> #N/A | Z9: {=IF(INDEX(Table2[],_xlfn.XMATCH($A9,Table2[Steel Member],0),_xlfn.XMATCH(Z$2,Table2[#Headers],0))=0,"",INDEX(Table2[],_xlfn.XMATCH($A9,Table2[Steel Member],0),_xlfn.XMATCH(Z$2,Table2[#Headers],0)))} -> #N/A | AA9: {=IF(INDEX(Table2[],_xlfn.XMATCH($A9,Table2[Steel Member],0),_xlfn.XMATCH(AA$2,Table2[#Headers],0))=0,"",INDEX(Table2[],_xlfn.XMATCH($A9,Table2[Steel Member],0),_xlfn.XMATCH(AA$2,Table2[#Headers],0)))} -> #N/A | AB9: {=IF(INDEX(Table2[],_xlfn.XMATCH($A9,Table2[Steel Member],0),_xlfn.XMATCH(AB$2,Table2[#Headers],0))=0,"",INDEX(Table2[],_xlfn.XMATCH($A9,Table2[Steel Member],0),_xlfn.XMATCH(AB$2,Table2[#Headers],0)))} -> #N/A | AC9: {=IFERROR(INDEX(Table8[],_xlfn.XMATCH($O9,Table8[Dimension Name Category],0),_xlfn.XMATCH(AC$2&IF($L9," w/ tag"," w/o tag"),Table8[#Headers],0)),"")} | AD9: =IF(OR($AC9="",$AC9=0),"",IF($A9=Column,"{Length}*XNUMBER({Dimension Group Name},"&$AC9&")/1000","{Length}*XNUMBER({Dimension Group Name},"&$AC9&")/1000*{Slope Factor}")) | AE9: =IF(AND(ISBLANK(B9),ISBLANK(C9)),"",IF($A9=Purlins_Girths_Bracings,"","Steel Surface Area")) | AF9: =IF(AND(ISBLANK(B9),ISBLANK(C9)),"",IF($A9=Purlins_Girths_Bracings,"","m2")) | AG9: {=IFERROR(INDEX(Table8[],_xlfn.XMATCH($O9,Table8[Dimension Name Category],0),_xlfn.XMATCH(AG$2&IF($L9," w/ tag"," w/o tag"),Table8[#Headers],0)),"")} | AH9: =IF(OR($AG9="",$AG9=0),"",IF($A9=Column,"{Length}*XNUMBER({Dimension Group Name},"&$AG9&")/1000","{Length}*XNUMBER({Dimension Group Name},"&$AG9&")/1000*{Slope Factor}")) | AJ9: =IF(OR($A9=Column,$A9=""),"","Slope Length") | AK9: =IF(OR($A9=Column,$A9=""),"","m") | AL9: {=IF(INDEX(Table2[],_xlfn.XMATCH($A9,Table2[Steel Member],0),_xlfn.XMATCH(AL$2,Table2[#Headers],0))=0,"",INDEX(Table2[],_xlfn.XMATCH($A9,Table2[Steel Member],0),_xlfn.XMATCH(AL$2,Table2[#Headers],0)))} -> #N/A | AN9: =IF(OR($A9=Column,$A9=""),"","Slope Factor") | AP9: {=IF(INDEX(Table2[],_xlfn.XMATCH($A9,Table2[Steel Member],0),_xlfn.XMATCH(AP$2,Table2[#Headers],0))=0,"",INDEX(Table2[],_xlfn.XMATCH($A9,Table2[Steel Member],0),_xlfn.XMATCH(AP$2,Table2[#Headers],0)))} -> #N/A
A10: INSERT DATA HERE | L10: DELETE THIS ROW | M10: DELETE THIS ROW | N10: DELETE THIS ROW | O10: DELETE THIS ROW | P10: DELETE THIS ROW | Q10: DELETE THIS ROW | R10: DELETE THIS ROW | S10: DELETE THIS ROW | T10: DELETE THIS ROW | U10: DELETE THIS ROW | V10: DELETE THIS ROW | W10: DELETE THIS ROW | X10: DELETE THIS ROW | Y10: DELETE THIS ROW | Z10: DELETE THIS ROW | AA10: DELETE THIS ROW | AB10: DELETE THIS ROW | AC10: DELETE THIS ROW | AD10: DELETE THIS ROW | AE10: DELETE THIS ROW | AF10: DELETE THIS ROW | AG10: DELETE THIS ROW | AH10: DELETE THIS ROW | AI10: DELETE THIS ROW | AJ10: DELETE THIS ROW | AK10: DELETE THIS ROW | AL10: DELETE THIS ROW | AM10: DELETE THIS ROW | AN10: DELETE THIS ROW | AO10: DELETE THIS ROW | AP10: DELETE THIS ROW | AQ10: DELETE THIS ROW | AR10: DELETE THIS ROW | AS10: DELETE THIS ROW | AT10: DELETE THIS ROW
A11: Purlins, Girts and Bracings | C11: Purlins | E11: C15019 | F11: {=IF(COUNT(FIND(PurlinsxGirthsxBracings,$C11))>0,0,ROUNDUP(IF(D11=0,0,VLOOKUP(D11,'DATA SHEET'!$B:$D,2,FALSE)),2))} -> 0 | G11: {=IF(COUNT(FIND(PurlinsxGirthsxBracings,$C11))>0,0,ROUNDUP(IF(D11=0,0,VLOOKUP(D11,'DATA SHEET'!$B:$D,3,FALSE)),2))} -> 0 | I11: {=IF(AND(ISBLANK(B11),ISBLANK(C11),ISBLANK(E11)),0,IF(COUNT(FIND(PurlinsxGirthsxBracings,$C11))>0,IF(B11=0,CONCATENATE(E11," ",C11),CONCATENATE(B11," - ",E11," ",C11)),IF(B11=0,IF(ISBLANK(C11),E11,CONCATENATE(D11,", ",F11,"kg/m, ",G11,"mm surface perimeter")),IF(AND(ISBLANK(C11),ISTEXT(E11)),CONCATENATE(B11," - ",E11),IF(AND(ISBLANK(C11),ISBLANK(E11)),B11,CONCATENATE(B11," - ",D11,", ",F11,"kg/m, ",G11,"mm surface perimeter"))))&IF(ISBLANK(H11),"",H11)))} -> C15019 Purlins | L11: {=IF(COUNT(FIND({0,1,2,3,4,5,6,7,8,9},B11))>0,COUNT(FIND({0,1,2,3,4,5,6,7,8,9},B11))>0,"")} | M11: {=IFERROR(_xlfn.IFS(R11="Count",RANDBETWEEN(1,COUNTIF($R$11:$R$653,"Count")),R11="Length",RANDBETWEEN(1,COUNTIF($R$11:$R$653,"Length"))),"")} -> 7 | N11: =IFERROR(_xlfn.RANK.EQ(M11,$M$11:$M$653)+COUNTIF($M11:M$11,M11)-1,"") -> 7 | O11: =IF(A11='DATA SHEET'!$L$36,C11,IFERROR(IF(AND(ISTEXT(I11),ISBLANK(C11)),"No details",VLOOKUP(C11,DimFolder,2,FALSE)),"")) -> Purlins | P11: =IF(AND(ISBLANK(B11),ISBLANK(C11)),"",CONCATENATE("Structural\Structural Steel\",A11,"\",O11)) -> Structural\Structural Steel\Purlins, Girts and Bracings\Purlins | Q11: =IF(AND(ISBLANK(B11),ISBLANK(C11)),"",I11) -> C15019 Purlins | R11: {=IF(INDEX(Table2[],_xlfn.XMATCH($A11,Table2[Steel Member],0),_xlfn.XMATCH(R$2,Table2[#Headers],0))=0,"",INDEX(Table2[],_xlfn.XMATCH($A11,Table2[Steel Member],0),_xlfn.XMATCH(R$2,Table2[#Headers],0)))} -> Length | S11: {=IF(INDEX(Table2[],_xlfn.XMATCH($A11,Table2[Steel Member],0),_xlfn.XMATCH(S$2,Table2[#Headers],0))=0,"",INDEX(Table2[],_xlfn.XMATCH($A11,Table2[Steel Member],0),_xlfn.XMATCH(S$2,Table2[#Headers],0)))} -> Slope Length | T11: =IF(AND(ISBLANK(B11),ISBLANK(C11)),"","t") -> t | U11: =VLOOKUP(N11,'COLOR CODE'!$B:$D,2,FALSE) -> 0,250,154 | V11: =IF(AND(ISBLANK(B11),ISBLANK(C11)),"","Red") -> Red | W11: {=IF(INDEX(Table2[],_xlfn.XMATCH($A11,Table2[Steel Member],0),_xlfn.XMATCH(W$2,Table2[#Headers],0))=0,"",INDEX(Table2[],_xlfn.XMATCH($A11,Table2[Steel Member],0),_xlfn.XMATCH(W$2,Table2[#Headers],0)))} | X11: =W11 | Y11: {=IF(INDEX(Table2[],_xlfn.XMATCH($A11,Table2[Steel Member],0),_xlfn.XMATCH(Y$2,Table2[#Headers],0))=0,"",INDEX(Table2[],_xlfn.XMATCH($A11,Table2[Steel Member],0),_xlfn.XMATCH(Y$2,Table2[#Headers],0)))} -> "0 degrees" | Z11: {=IF(INDEX(Table2[],_xlfn.XMATCH($A11,Table2[Steel Member],0),_xlfn.XMATCH(Z$2,Table2[#Headers],0))=0,"",INDEX(Table2[],_xlfn.XMATCH($A11,Table2[Steel Member],0),_xlfn.XMATCH(Z$2,Table2[#Headers],0)))} | AA11: {=IF(INDEX(Table2[],_xlfn.XMATCH($A11,Table2[Steel Member],0),_xlfn.XMATCH(AA$2,Table2[#Headers],0))=0,"",INDEX(Table2[],_xlfn.XMATCH($A11,Table2[Steel Member],0),_xlfn.XMATCH(AA$2,Table2[#Headers],0)))} -> [Count] | AB11: {=IF(INDEX(Table2[],_xlfn.XMATCH($A11,Table2[Steel Member],0),_xlfn.XMATCH(AB$2,Table2[#Headers],0))=0,"",INDEX(Table2[],_xlfn.XMATCH($A11,Table2[Steel Member],0),_xlfn.XMATCH(AB$2,Table2[#Headers],0)))} -> [Length] | AC11: {=IFERROR(INDEX(Table8[],_xlfn.XMATCH($O11,Table8[Dimension Name Category],0),_xlfn.XMATCH(AC$2&IF($L11," w/ tag"," w/o tag"),Table8[#Headers],0)),"")} | AD11: =IF(OR($AC11="",$AC11=0),"",IF($A11=Column,"{Length}*XNUMBER({Dimension Group Name},"&$AC11&")/1000","{Length}*XNUMBER({Dimension Group Name},"&$AC11&")/1000*{Slope Factor}")) | AE11: =IF(AND(ISBLANK(B11),ISBLANK(C11)),"",IF($A11=Purlins_Girths_Bracings,"","Steel Surface Area")) | AF11: =IF(AND(ISBLANK(B11),ISBLANK(C11)),"",IF($A11=Purlins_Girths_Bracings,"","m2")) | AG11: {=IFERROR(INDEX(Table8[],_xlfn.XMATCH($O11,Table8[Dimension Name Category],0),_xlfn.XMATCH(AG$2&IF($L11," w/ tag"," w/o tag"),Table8[#Headers],0)),"")} | AH11: =IF(OR($AG11="",$AG11=0),"",IF($A11=Column,"{Length}*XNUMBER({Dimension Group Name},"&$AG11&")/1000","{Length}*XNUMBER({Dimension Group Name},"&$AG11&")/1000*{Slope Factor}")) | AJ11: =IF(OR($A11=Column,$A11=""),"","Slope Length") -> Slope Length | AK11: =IF(OR($A11=Column,$A11=""),"","m") -> m | AL11: {=IF(INDEX(Table2[],_xlfn.XMATCH($A11,Table2[Steel Member],0),_xlfn.XMATCH(AL$2,Table2[#Headers],0))=0,"",INDEX(Table2[],_xlfn.XMATCH($A11,Table2[Steel Member],0),_xlfn.XMATCH(AL$2,Table2[#Headers],0)))} -> [Length]*{Slope Factor} | AN11: =IF(OR($A11=Column,$A11=""),"","Slope Factor") -> Slope Factor | AP11: {=IF(INDEX(Table2[],_xlfn.XMATCH($A11,Table2[Steel Member],0),_xlfn.XMATCH(AP$2,Table2[#Headers],0))=0,"",INDEX(Table2[],_xlfn.XMATCH($A11,Table2[Steel Member],0),_xlfn.XMATCH(AP$2,Table2[#Headers],0)))} -> 1/COS(RADIANS(XNUMBER({Dimension Name},1)))
A12: Framing | B12: B20a | C12: UB | D12: 200UB18.2 | F12: {=IF(COUNT(FIND(PurlinsxGirthsxBracings,$C12))>0,0,ROUNDUP(IF(D12=0,0,VLOOKUP(D12,'DATA SHEET'!$B:$D,2,FALSE)),2))} -> 18.2 | G12: {=IF(COUNT(FIND(PurlinsxGirthsxBracings,$C12))>0,0,ROUNDUP(IF(D12=0,0,VLOOKUP(D12,'DATA SHEET'!$B:$D,3,FALSE)),2))} -> 783 | I12: {=IF(AND(ISBLANK(B12),ISBLANK(C12),ISBLANK(E12)),0,IF(COUNT(FIND(PurlinsxGirthsxBracings,$C12))>0,IF(B12=0,CONCATENATE(E12," ",C12),CONCATENATE(B12," - ",E12," ",C12)),IF(B12=0,IF(ISBLANK(C12),E12,CONCATENATE(D12,", ",F12,"kg/m, ",G12,"mm surface perimeter")),IF(AND(ISBLANK(C12),ISTEXT(E12)),CONCATENATE(B12," - ",E12),IF(AND(ISBLANK(C12),ISBLANK(E12)),B12,CONCATENATE(B12," - ",D12,", ",F12,"kg/m, ",G12,"mm surface perimeter"))))&IF(ISBLANK(H12),"",H12)))} -> B20a - 200UB18.2, 18.2kg/m, 783mm surface perimeter | L12: {=IF(COUNT(FIND({0,1,2,3,4,5,6,7,8,9},B12))>0,COUNT(FIND({0,1,2,3,4,5,6,7,8,9},B12))>0,"")} -> TRUE | M12: {=IFERROR(_xlfn.IFS(R12="Count",RANDBETWEEN(1,COUNTIF($R$11:$R$653,"Count")),R12="Length",RANDBETWEEN(1,COUNTIF($R$11:$R$653,"Length"))),"")} -> 8 | N12: =IFERROR(_xlfn.RANK.EQ(M12,$M$11:$M$653)+COUNTIF($M$11:M12,M12)-1,"") -> 6 | O12: =IF(A12='DATA SHEET'!$L$36,C12,IFERROR(IF(AND(ISTEXT(I12),ISBLANK(C12)),"No details",VLOOKUP(C12,DimFolder,2,FALSE)),"")) -> CHS, UB, UC, WB, WC, BT, CT | P12: =IF(AND(ISBLANK(B12),ISBLANK(C12)),"",CONCATENATE("Structural\Structural Steel\",A12,"\",O12)) -> Structural\Structural Steel\Framing\CHS, UB, UC, WB, WC, BT, CT | Q12: =IF(AND(ISBLANK(B12),ISBLANK(C12)),"",I12) -> B20a - 200UB18.2, 18.2kg/m, 783mm surface perimeter | R12: {=IF(INDEX(Table2[],_xlfn.XMATCH($A12,Table2[Steel Member],0),_xlfn.XMATCH(R$2,Table2[#Headers],0))=0,"",INDEX(Table2[],_xlfn.XMATCH($A12,Table2[Steel Member],0),_xlfn.XMATCH(R$2,Table2[#Headers],0)))} -> Length | S12: {=IF(INDEX(Table2[],_xlfn.XMATCH($A12,Table2[Steel Member],0),_xlfn.XMATCH(S$2,Table2[#Headers],0))=0,"",INDEX(Table2[],_xlfn.XMATCH($A12,Table2[Steel Member],0),_xlfn.XMATCH(S$2,Table2[#Headers],0)))} -> Weight | T12: =IF(AND(ISBLANK(B12),ISBLANK(C12)),"","t") -> t | U12: =VLOOKUP(N12,'COLOR CODE'!$B:$D,2,FALSE) -> 0,128,128 | V12: =IF(AND(ISBLANK(B12),ISBLANK(C12)),"","Red") -> Red | W12: {=IF(INDEX(Table2[],_xlfn.XMATCH($A12,Table2[Steel Member],0),_xlfn.XMATCH(W$2,Table2[#Headers],0))=0,"",INDEX(Table2[],_xlfn.XMATCH($A12,Table2[Steel Member],0),_xlfn.XMATCH(W$2,Table2[#Headers],0)))} | X12: =W12 | Y12: {=IF(INDEX(Table2[],_xlfn.XMATCH($A12,Table2[Steel Member],0),_xlfn.XMATCH(Y$2,Table2[#Headers],0))=0,"",INDEX(Table2[],_xlfn.XMATCH($A12,Table2[Steel Member],0),_xlfn.XMATCH(Y$2,Table2[#Headers],0)))} -> "0 degrees" | Z12: {=IF(INDEX(Table2[],_xlfn.XMATCH($A12,Table2[Steel Member],0),_xlfn.XMATCH(Z$2,Table2[#Headers],0))=0,"",INDEX(Table2[],_xlfn.XMATCH($A12,Table2[Steel Member],0),_xlfn.XMATCH(Z$2,Table2[#Headers],0)))} | AA12: {=IF(INDEX(Table2[],_xlfn.XMATCH($A12,Table2[Steel Member],0),_xlfn.XMATCH(AA$2,Table2[#Headers],0))=0,"",INDEX(Table2[],_xlfn.XMATCH($A12,Table2[Steel Member],0),_xlfn.XMATCH(AA$2,Table2[#Headers],0)))} -> [Count] | AB12: {=IF(INDEX(Table2[],_xlfn.XMATCH($A12,Table2[Steel Member],0),_xlfn.XMATCH(AB$2,Table2[#Headers],0))=0,"",INDEX(Table2[],_xlfn.XMATCH($A12,Table2[Steel Member],0),_xlfn.XMATCH(AB$2,Table2[#Headers],0)))} -> [Length] | AC12: {=IFERROR(INDEX(Table8[],_xlfn.XMATCH($O12,Table8[Dimension Name Category],0),_xlfn.XMATCH(AC$2&IF($L12," w/ tag"," w/o tag"),Table8[#Headers],0)),"")} -> 4 | AD12: =IF(OR($AC12="",$AC12=0),"",IF($A12=Column,"{Length}*XNUMBER({Dimension Group Name},"&$AC12&")/1000","{Length}*XNUMBER({Dimension Group Name},"&$AC12&")/1000*{Slope Factor}")) -> {Length}*XNUMBER({Dimension Group Name},4)/1000*{Slope Factor} | AE12: =IF(AND(ISBLANK(B12),ISBLANK(C12)),"",IF($A12=Purlins_Girths_Bracings,"","Steel Surface Area")) -> Steel Surface Area | AF12: =IF(AND(ISBLANK(B12),ISBLANK(C12)),"",IF($A12=Purlins_Girths_Bracings,"","m2")) -> m2 | AG12: {=IFERROR(INDEX(Table8[],_xlfn.XMATCH($O12,Table8[Dimension Name Category],0),_xlfn.XMATCH(AG$2&IF($L12," w/ tag"," w/o tag"),Table8[#Headers],0)),"")} -> 5 | AH12: =IF(OR($AG12="",$AG12=0),"",IF($A12=Column,"{Length}*XNUMBER({Dimension Group Name},"&$AG12&")/1000","{Length}*XNUMBER({Dimension Group Name},"&$AG12&")/1000*{Slope Factor}")) -> {Length}*XNUMBER({Dimension Group Name},5)/1000*{Slope Factor} | AJ12: =IF(OR($A12=Column,$A12=""),"","Slope Length") -> Slope Length | AK12: =IF(OR($A12=Column,$A12=""),"","m") -> m | AL12: {=IF(INDEX(Table2[],_xlfn.XMATCH($A12,Table2[Steel Member],0),_xlfn.XMATCH(AL$2,Table2[#Headers],0))=0,"",INDEX(Table2[],_xlfn.XMATCH($A12,Table2[Steel Member],0),_xlfn.XMATCH(AL$2,Table2[#Headers],0)))} -> [Length]*{Slope Factor} | AN12: =IF(OR($A12=Column,$A12=""),"","Slope Factor") -> Slope Factor | AP12: {=IF(INDEX(Table2[],_xlfn.XMATCH($A12,Table2[Steel Member],0),_xlfn.XMATCH(AP$2,Table2[#Headers],0))=0,"",INDEX(Table2[],_xlfn.XMATCH($A12,Table2[Steel Member],0),_xlfn.XMATCH(AP$2,Table2[#Headers],0)))} -> 1/COS(RADIANS(XNUMBER({Dimension Name},1)))
A13: Framing | B13: B20c | C13: UB | D13: 200UB25.4 | F13: {=IF(COUNT(FIND(PurlinsxGirthsxBracings,$C13))>0,0,ROUNDUP(IF(D13=0,0,VLOOKUP(D13,'DATA SHEET'!$B:$D,2,FALSE)),2))} -> 25.4 | G13: {=IF(COUNT(FIND(PurlinsxGirthsxBracings,$C13))>0,0,ROUNDUP(IF(D13=0,0,VLOOKUP(D13,'DATA SHEET'!$B:$D,3,FALSE)),2))} -> 926.4 | I13: {=IF(AND(ISBLANK(B13),ISBLANK(C13),ISBLANK(E13)),0,IF(COUNT(FIND(PurlinsxGirthsxBracings,$C13))>0,IF(B13=0,CONCATENATE(E13," ",C13),CONCATENATE(B13," - ",E13," ",C13)),IF(B13=0,IF(ISBLANK(C13),E13,CONCATENATE(D13,", ",F13,"kg/m, ",G13,"mm surface perimeter")),IF(AND(ISBLANK(C13),ISTEXT(E13)),CONCATENATE(B13," - ",E13),IF(AND(ISBLANK(C13),ISBLANK(E13)),B13,CONCATENATE(B13," - ",D13,", ",F13,"kg/m, ",G13,"mm surface perimeter"))))&IF(ISBLANK(H13),"",H13)))} -> B20c - 200UB25.4, 25.4kg/m, 926.4mm surface perimeter | L13: {=IF(COUNT(FIND({0,1,2,3,4,5,6,7,8,9},B13))>0,COUNT(FIND({0,1,2,3,4,5,6,7,8,9},B13))>0,"")} -> TRUE | M13: {=IFERROR(_xlfn.IFS(R13="Count",RANDBETWEEN(1,COUNTIF($R$11:$R$653,"Count")),R13="Length",RANDBETWEEN(1,COUNTIF($R$11:$R$653,"Length"))),"")} -> 13 | N13: =IFERROR(_xlfn.RANK.EQ(M13,$M$11:$M$653)+COUNTIF($M$11:M13,M13)-1,"") -> 3 | O13: =IF(A13='DATA SHEET'!$L$36,C13,IFERROR(IF(AND(ISTEXT(I13),ISBLANK(C13)),"No details",VLOOKUP(C13,DimFolder,2,FALSE)),"")) -> CHS, UB, UC, WB, WC, BT, CT | P13: =IF(AND(ISBLANK(B13),ISBLANK(C13)),"",CONCATENATE("Structural\Structural Steel\",A13,"\",O13)) -> Structural\Structural Steel\Framing\CHS, UB, UC, WB, WC, BT, CT | Q13: =IF(AND(ISBLANK(B13),ISBLANK(C13)),"",I13) -> B20c - 200UB25.4, 25.4kg/m, 926.4mm surface perimeter | R13: {=IF(INDEX(Table2[],_xlfn.XMATCH($A13,Table2[Steel Member],0),_xlfn.XMATCH(R$2,Table2[#Headers],0))=0,"",INDEX(Table2[],_xlfn.XMATCH($A13,Table2[Steel Member],0),_xlfn.XMATCH(R$2,Table2[#Headers],0)))} -> Length | S13: {=IF(INDEX(Table2[],_xlfn.XMATCH($A13,Table2[Steel Member],0),_xlfn.XMATCH(S$2,Table2[#Headers],0))=0,"",INDEX(Table2[],_xlfn.XMATCH($A13,Table2[Steel Member],0),_xlfn.XMATCH(S$2,Table2[#Headers],0)))} -> Weight | T13: =IF(AND(ISBLANK(B13),ISBLANK(C13)),"","t") -> t | U13: =VLOOKUP(N13,'COLOR CODE'!$B:$D,2,FALSE) -> 0,0,128 | V13: =IF(AND(ISBLANK(B13),ISBLANK(C13)),"","Red") -> Red | W13: {=IF(INDEX(Table2[],_xlfn.XMATCH($A13,Table2[Steel Member],0),_xlfn.XMATCH(W$2,Table2[#Headers],0))=0,"",INDEX(Table2[],_xlfn.XMATCH($A13,Table2[Steel Member],0),_xlfn.XMATCH(W$2,Table2[#Headers],0)))} | X13: =W13 | Y13: {=IF(INDEX(Table2[],_xlfn.XMATCH($A13,Table2[Steel Member],0),_xlfn.XMATCH(Y$2,Table2[#Headers],0))=0,"",INDEX(Table2[],_xlfn.XMATCH($A13,Table2[Steel Member],0),_xlfn.XMATCH(Y$2,Table2[#Headers],0)))} -> "0 degrees" | Z13: {=IF(INDEX(Table2[],_xlfn.XMATCH($A13,Table2[Steel Member],0),_xlfn.XMATCH(Z$2,Table2[#Headers],0))=0,"",INDEX(Table2[],_xlfn.XMATCH($A13,Table2[Steel Member],0),_xlfn.XMATCH(Z$2,Table2[#Headers],0)))} | AA13: {=IF(INDEX(Table2[],_xlfn.XMATCH($A13,Table2[Steel Member],0),_xlfn.XMATCH(AA$2,Table2[#Headers],0))=0,"",INDEX(Table2[],_xlfn.XMATCH($A13,Table2[Steel Member],0),_xlfn.XMATCH(AA$2,Table2[#Headers],0)))} -> [Count] | AB13: {=IF(INDEX(Table2[],_xlfn.XMATCH($A13,Table2[Steel Member],0),_xlfn.XMATCH(AB$2,Table2[#Headers],0))=0,"",INDEX(Table2[],_xlfn.XMATCH($A13,Table2[Steel Member],0),_xlfn.XMATCH(AB$2,Table2[#Headers],0)))} -> [Length] | AC13: {=IFERROR(INDEX(Table8[],_xlfn.XMATCH($O13,Table8[Dimension Name Category],0),_xlfn.XMATCH(AC$2&IF($L13," w/ tag"," w/o tag"),Table8[#Headers],0)),"")} -> 4 | AD13: =IF(OR($AC13="",$AC13=0),"",IF($A13=Column,"{Length}*XNUMBER({Dimension Group Name},"&$AC13&")/1000","{Length}*XNUMBER({Dimension Group Name},"&$AC13&")/1000*{Slope Factor}")) -> {Length}*XNUMBER({Dimension Group Name},4)/1000*{Slope Factor} | AE13: =IF(AND(ISBLANK(B13),ISBLANK(C13)),"",IF($A13=Purlins_Girths_Bracings,"","Steel Surface Area")) -> Steel Surface Area | AF13: =IF(AND(ISBLANK(B13),ISBLANK(C13)),"",IF($A13=Purlins_Girths_Bracings,"","m2")) -> m2 | AG13: {=IFERROR(INDEX(Table8[],_xlfn.XMATCH($O13,Table8[Dimension Name Category],0),_xlfn.XMATCH(AG$2&IF($L13," w/ tag"," w/o tag"),Table8[#Headers],0)),"")} -> 5 | AH13: =IF(OR($AG13="",$AG13=0),"",IF($A13=Column,"{Length}*XNUMBER({Dimension Group Name},"&$AG13&")/1000","{Length}*XNUMBER({Dimension Group Name},"&$AG13&")/1000*{Slope Factor}")) -> {Length}*XNUMBER({Dimension Group Name},5)/1000*{Slope Factor} | AJ13: =IF(OR($A13=Column,$A13=""),"","Slope Length") -> Slope Length | AK13: =IF(OR($A13=Column,$A13=""),"","m") -> m | AL13: {=IF(INDEX(Table2[],_xlfn.XMATCH($A13,Table2[Steel Member],0),_xlfn.XMATCH(AL$2,Table2[#Headers],0))=0,"",INDEX(Table2[],_xlfn.XMATCH($A13,Table2[Steel Member],0),_xlfn.XMATCH(AL$2,Table2[#Headers],0)))} -> [Length]*{Slope Factor} | AN13: =IF(OR($A13=Column,$A13=""),"","Slope Factor") -> Slope Factor | AP13: {=IF(INDEX(Table2[],_xlfn.XMATCH($A13,Table2[Steel Member],0),_xlfn.XMATCH(AP$2,Table2[#Headers],0))=0,"",INDEX(Table2[],_xlfn.XMATCH($A13,Table2[Steel Member],0),_xlfn.XMATCH(AP$2,Table2[#Headers],0)))} -> 1/COS(RADIANS(XNUMBER({Dimension Name},1)))
A14: Framing | B14: B25a | C14: UB | D14: 250UB25.7 | F14: {=IF(COUNT(FIND(PurlinsxGirthsxBracings,$C14))>0,0,ROUNDUP(IF(D14=0,0,VLOOKUP(D14,'DATA SHEET'!$B:$D,2,FALSE)),2))} -> 25.7 | G14: {=IF(COUNT(FIND(PurlinsxGirthsxBracings,$C14))>0,0,ROUNDUP(IF(D14=0,0,VLOOKUP(D14,'DATA SHEET'!$B:$D,3,FALSE)),2))} -> 982 | I14: {=IF(AND(ISBLANK(B14),ISBLANK(C14),ISBLANK(E14)),0,IF(COUNT(FIND(PurlinsxGirthsxBracings,$C14))>0,IF(B14=0,CONCATENATE(E14," ",C14),CONCATENATE(B14," - ",E14," ",C14)),IF(B14=0,IF(ISBLANK(C14),E14,CONCATENATE(D14,", ",F14,"kg/m, ",G14,"mm surface perimeter")),IF(AND(ISBLANK(C14),ISTEXT(E14)),CONCATENATE(B14," - ",E14),IF(AND(ISBLANK(C14),ISBLANK(E14)),B14,CONCATENATE(B14," - ",D14,", ",F14,"kg/m, ",G14,"mm surface perimeter"))))&IF(ISBLANK(H14),"",H14)))} -> B25a - 250UB25.7, 25.7kg/m, 982mm surface perimeter | L14: {=IF(COUNT(FIND({0,1,2,3,4,5,6,7,8,9},B14))>0,COUNT(FIND({0,1,2,3,4,5,6,7,8,9},B14))>0,"")} -> TRUE | M14: {=IFERROR(_xlfn.IFS(R14="Count",RANDBETWEEN(1,COUNTIF($R$11:$R$653,"Count")),R14="Length",RANDBETWEEN(1,COUNTIF($R$11:$R$653,"Length"))),"")} -> 9 | N14: =IFERROR(_xlfn.RANK.EQ(M14,$M$11:$M$653)+COUNTIF($M$11:M14,M14)-1,"") -> 5 | O14: =IF(A14='DATA SHEET'!$L$36,C14,IFERROR(IF(AND(ISTEXT(I14),ISBLANK(C14)),"No details",VLOOKUP(C14,DimFolder,2,FALSE)),"")) -> CHS, UB, UC, WB, WC, BT, CT | P14: =IF(AND(ISBLANK(B14),ISBLANK(C14)),"",CONCATENATE("Structural\Structural Steel\",A14,"\",O14)) -> Structural\Structural Steel\Framing\CHS, UB, UC, WB, WC, BT, CT | Q14: =IF(AND(ISBLANK(B14),ISBLANK(C14)),"",I14) -> B25a - 250UB25.7, 25.7kg/m, 982mm surface perimeter | R14: {=IF(INDEX(Table2[],_xlfn.XMATCH($A14,Table2[Steel Member],0),_xlfn.XMATCH(R$2,Table2[#Headers],0))=0,"",INDEX(Table2[],_xlfn.XMATCH($A14,Table2[Steel Member],0),_xlfn.XMATCH(R$2,Table2[#Headers],0)))} -> Length | S14: {=IF(INDEX(Table2[],_xlfn.XMATCH($A14,Table2[Steel Member],0),_xlfn.XMATCH(S$2,Table2[#Headers],0))=0,"",INDEX(Table2[],_xlfn.XMATCH($A14,Table2[Steel Member],0),_xlfn.XMATCH(S$2,Table2[#Headers],0)))} -> Weight | T14: =IF(AND(ISBLANK(B14),ISBLANK(C14)),"","t") -> t | U14: =VLOOKUP(N14,'COLOR CODE'!$B:$D,2,FALSE) -> 0,128,0 | V14: =IF(AND(ISBLANK(B14),ISBLANK(C14)),"","Red") -> Red | W14: {=IF(INDEX(Table2[],_xlfn.XMATCH($A14,Table2[Steel Member],0),_xlfn.XMATCH(W$2,Table2[#Headers],0))=0,"",INDEX(Table2[],_xlfn.XMATCH($A14,Table2[Steel Member],0),_xlfn.XMATCH(W$2,Table2[#Headers],0)))} | X14: =W14 | Y14: {=IF(INDEX(Table2[],_xlfn.XMATCH($A14,Table2[Steel Member],0),_xlfn.XMATCH(Y$2,Table2[#Headers],0))=0,"",INDEX(Table2[],_xlfn.XMATCH($A14,Table2[Steel Member],0),_xlfn.XMATCH(Y$2,Table2[#Headers],0)))} -> "0 degrees" | Z14: {=IF(INDEX(Table2[],_xlfn.XMATCH($A14,Table2[Steel Member],0),_xlfn.XMATCH(Z$2,Table2[#Headers],0))=0,"",INDEX(Table2[],_xlfn.XMATCH($A14,Table2[Steel Member],0),_xlfn.XMATCH(Z$2,Table2[#Headers],0)))} | AA14: {=IF(INDEX(Table2[],_xlfn.XMATCH($A14,Table2[Steel Member],0),_xlfn.XMATCH(AA$2,Table2[#Headers],0))=0,"",INDEX(Table2[],_xlfn.XMATCH($A14,Table2[Steel Member],0),_xlfn.XMATCH(AA$2,Table2[#Headers],0)))} -> [Count] | AB14: {=IF(INDEX(Table2[],_xlfn.XMATCH($A14,Table2[Steel Member],0),_xlfn.XMATCH(AB$2,Table2[#Headers],0))=0,"",INDEX(Table2[],_xlfn.XMATCH($A14,Table2[Steel Member],0),_xlfn.XMATCH(AB$2,Table2[#Headers],0)))} -> [Length] | AC14: {=IFERROR(INDEX(Table8[],_xlfn.XMATCH($O14,Table8[Dimension Name Category],0),_xlfn.XMATCH(AC$2&IF($L14," w/ tag"," w/o tag"),Table8[#Headers],0)),"")} -> 4 | AD14: =IF(OR($AC14="",$AC14=0),"",IF($A14=Column,"{Length}*XNUMBER({Dimension Group Name},"&$AC14&")/1000","{Length}*XNUMBER({Dimension Group Name},"&$AC14&")/1000*{Slope Factor}")) -> {Length}*XNUMBER({Dimension Group Name},4)/1000*{Slope Factor} | AE14: =IF(AND(ISBLANK(B14),ISBLANK(C14)),"",IF($A14=Purlins_Girths_Bracings,"","Steel Surface Area")) -> Steel Surface Area | AF14: =IF(AND(ISBLANK(B14),ISBLANK(C14)),"",IF($A14=Purlins_Girths_Bracings,"","m2")) -> m2 | AG14: {=IFERROR(INDEX(Table8[],_xlfn.XMATCH($O14,Table8[Dimension Name Category],0),_xlfn.XMATCH(AG$2&IF($L14," w/ tag"," w/o tag"),Table8[#Headers],0)),"")} -> 5 | AH14: =IF(OR($AG14="",$AG14=0),"",IF($A14=Column,"{Length}*XNUMBER({Dimension Group Name},"&$AG14&")/1000","{Length}*XNUMBER({Dimension Group Name},"&$AG14&")/1000*{Slope Factor}")) -> {Length}*XNUMBER({Dimension Group Name},5)/1000*{Slope Factor} | AJ14: =IF(OR($A14=Column,$A14=""),"","Slope Length") -> Slope Length | AK14: =IF(OR($A14=Column,$A14=""),"","m") -> m | AL14: {=IF(INDEX(Table2[],_xlfn.XMATCH($A14,Table2[Steel Member],0),_xlfn.XMATCH(AL$2,Table2[#Headers],0))=0,"",INDEX(Table2[],_xlfn.XMATCH($A14,Table2[Steel Member],0),_xlfn.XMATCH(AL$2,Table2[#Headers],0)))} -> [Length]*{Slope Factor} | AN14: =IF(OR($A14=Column,$A14=""),"","Slope Factor") -> Slope Factor | AP14: {=IF(INDEX(Table2[],_xlfn.XMATCH($A14,Table2[Steel Member],0),_xlfn.XMATCH(AP$2,Table2[#Headers],0))=0,"",INDEX(Table2[],_xlfn.XMATCH($A14,Table2[Steel Member],0),_xlfn.XMATCH(AP$2,Table2[#Headers],0)))} -> 1/COS(RADIANS(XNUMBER({Dimension Name},1)))
A15: Framing | B15: B25b | C15: UB | D15: 250UB31.4 | F15: {=IF(COUNT(FIND(PurlinsxGirthsxBracings,$C15))>0,0,ROUNDUP(IF(D15=0,0,VLOOKUP(D15,'DATA SHEET'!$B:$D,2,FALSE)),2))} -> 31.4 | G15: {=IF(COUNT(FIND(PurlinsxGirthsxBracings,$C15))>0,0,ROUNDUP(IF(D15=0,0,VLOOKUP(D15,'DATA SHEET'!$B:$D,3,FALSE)),2))} -> 1075.8 | I15: {=IF(AND(ISBLANK(B15),ISBLANK(C15),ISBLANK(E15)),0,IF(COUNT(FIND(PurlinsxGirthsxBracings,$C15))>0,IF(B15=0,CONCATENATE(E15," ",C15),CONCATENATE(B15," - ",E15," ",C15)),IF(B15=0,IF(ISBLANK(C15),E15,CONCATENATE(D15,", ",F15,"kg/m, ",G15,"mm surface perimeter")),IF(AND(ISBLANK(C15),ISTEXT(E15)),CONCATENATE(B15," - ",E15),IF(AND(ISBLANK(C15),ISBLANK(E15)),B15,CONCATENATE(B15," - ",D15,", ",F15,"kg/m, ",G15,"mm surface perimeter"))))&IF(ISBLANK(H15),"",H15)))} -> B25b - 250UB31.4, 31.4kg/m, 1075.8mm surface perimeter | L15: {=IF(COUNT(FIND({0,1,2,3,4,5,6,7,8,9},B15))>0,COUNT(FIND({0,1,2,3,4,5,6,7,8,9},B15))>0,"")} -> TRUE | M15: {=IFERROR(_xlfn.IFS(R15="Count",RANDBETWEEN(1,COUNTIF($R$11:$R$653,"Count")),R15="Length",RANDBETWEEN(1,COUNTIF($R$11:$R$653,"Length"))),"")} -> 13 | N15: =IFERROR(_xlfn.RANK.EQ(M15,$M$11:$M$653)+COUNTIF($M$11:M15,M15)-1,"") -> 4 | O15: =IF(A15='DATA SHEET'!$L$36,C15,IFERROR(IF(AND(ISTEXT(I15),ISBLANK(C15)),"No details",VLOOKUP(C15,DimFolder,2,FALSE)),"")) -> CHS, UB, UC, WB, WC, BT, CT | P15: =IF(AND(ISBLANK(B15),ISBLANK(C15)),"",CONCATENATE("Structural\Structural Steel\",A15,"\",O15)) -> Structural\Structural Steel\Framing\CHS, UB, UC, WB, WC, BT, CT | Q15: =IF(AND(ISBLANK(B15),ISBLANK(C15)),"",I15) -> B25b - 250UB31.4, 31.4kg/m, 1075.8mm surface perimeter | R15: {=IF(INDEX(Table2[],_xlfn.XMATCH($A15,Table2[Steel Member],0),_xlfn.XMATCH(R$2,Table2[#Headers],0))=0,"",INDEX(Table2[],_xlfn.XMATCH($A15,Table2[Steel Member],0),_xlfn.XMATCH(R$2,Table2[#Headers],0)))} -> Length | S15: {=IF(INDEX(Table2[],_xlfn.XMATCH($A15,Table2[Steel Member],0),_xlfn.XMATCH(S$2,Table2[#Headers],0))=0,"",INDEX(Table2[],_xlfn.XMATCH($A15,Table2[Steel Member],0),_xlfn.XMATCH(S$2,Table2[#Headers],0)))} -> Weight | T15: =IF(AND(ISBLANK(B15),ISBLANK(C15)),"","t") -> t | U15: =VLOOKUP(N15,'COLOR CODE'!$B:$D,2,FALSE) -> 0,0,255 | V15: =IF(AND(ISBLANK(B15),ISBLANK(C15)),"","Red") -> Red | W15: {=IF(INDEX(Table2[],_xlfn.XMATCH($A15,Table2[Steel Member],0),_xlfn.XMATCH(W$2,Table2[#Headers],0))=0,"",INDEX(Table2[],_xlfn.XMATCH($A15,Table2[Steel Member],0),_xlfn.XMATCH(W$2,Table2[#Headers],0)))} | X15: =W15 | Y15: {=IF(INDEX(Table2[],_xlfn.XMATCH($A15,Table2[Steel Member],0),_xlfn.XMATCH(Y$2,Table2[#Headers],0))=0,"",INDEX(Table2[],_xlfn.XMATCH($A15,Table2[Steel Member],0),_xlfn.XMATCH(Y$2,Table2[#Headers],0)))} -> "0 degrees" | Z15: {=IF(INDEX(Table2[],_xlfn.XMATCH($A15,Table2[Steel Member],0),_xlfn.XMATCH(Z$2,Table2[#Headers],0))=0,"",INDEX(Table2[],_xlfn.XMATCH($A15,Table2[Steel Member],0),_xlfn.XMATCH(Z$2,Table2[#Headers],0)))} | AA15: {=IF(INDEX(Table2[],_xlfn.XMATCH($A15,Table2[Steel Member],0),_xlfn.XMATCH(AA$2,Table2[#Headers],0))=0,"",INDEX(Table2[],_xlfn.XMATCH($A15,Table2[Steel Member],0),_xlfn.XMATCH(AA$2,Table2[#Headers],0)))} -> [Count] | AB15: {=IF(INDEX(Table2[],_xlfn.XMATCH($A15,Table2[Steel Member],0),_xlfn.XMATCH(AB$2,Table2[#Headers],0))=0,"",INDEX(Table2[],_xlfn.XMATCH($A15,Table2[Steel Member],0),_xlfn.XMATCH(AB$2,Table2[#Headers],0)))} -> [Length] | AC15: {=IFERROR(INDEX(Table8[],_xlfn.XMATCH($O15,Table8[Dimension Name Category],0),_xlfn.XMATCH(AC$2&IF($L15," w/ tag"," w/o tag"),Table8[#Headers],0)),"")} -> 4 | AD15: =IF(OR($AC15="",$AC15=0),"",IF($A15=Column,"{Length}*XNUMBER({Dimension Group Name},"&$AC15&")/1000","{Length}*XNUMBER({Dimension Group Name},"&$AC15&")/1000*{Slope Factor}")) -> {Length}*XNUMBER({Dimension Group Name},4)/1000*{Slope Factor} | AE15: =IF(AND(ISBLANK(B15),ISBLANK(C15)),"",IF($A15=Purlins_Girths_Bracings,"","Steel Surface Area")) -> Steel Surface Area | AF15: =IF(AND(ISBLANK(B15),ISBLANK(C15)),"",IF($A15=Purlins_Girths_Bracings,"","m2")) -> m2 | AG15: {=IFERROR(INDEX(Table8[],_xlfn.XMATCH($O15,Table8[Dimension Name Category],0),_xlfn.XMATCH(AG$2&IF($L15," w/ tag"," w/o tag"),Table8[#Headers],0)),"")} -> 5 | AH15: =IF(OR($AG15="",$AG15=0),"",IF($A15=Column,"{Length}*XNUMBER({Dimension Group Name},"&$AG15&")/1000","{Length}*XNUMBER({Dimension Group Name},"&$AG15&")/1000*{Slope Factor}")) -> {Length}*XNUMBER({Dimension Group Name},5)/1000*{Slope Factor} | AJ15: =IF(OR($A15=Column,$A15=""),"","Slope Length") -> Slope Length | AK15: =IF(OR($A15=Column,$A15=""),"","m") -> m | AL15: {=IF(INDEX(Table2[],_xlfn.XMATCH($A15,Table2[Steel Member],0),_xlfn.XMATCH(AL$2,Table2[#Headers],0))=0,"",INDEX(Table2[],_xlfn.XMATCH($A15,Table2[Steel Member],0),_xlfn.XMATCH(AL$2,Table2[#Headers],0)))} -> [Length]*{Slope Factor} | AN15: =IF(OR($A15=Column,$A15=""),"","Slope Factor") -> Slope Factor | AP15: {=IF(INDEX(Table2[],_xlfn.XMATCH($A15,Table2[Steel Member],0),_xlfn.XMATCH(AP$2,Table2[#Headers],0))=0,"",INDEX(Table2[],_xlfn.XMATCH($A15,Table2[Steel Member],0),_xlfn.XMATCH(AP$2,Table2[#Headers],0)))} -> 1/COS(RADIANS(XNUMBER({Dimension Name},1)))
A16: Framing | B16: B31b | C16: UB | D16: 310UB40.4 | F16: {=IF(COUNT(FIND(PurlinsxGirthsxBracings,$C16))>0,0,ROUNDUP(IF(D16=0,0,VLOOKUP(D16,'DATA SHEET'!$B:$D,2,FALSE)),2))} -> 40.4 | G16: {=IF(COUNT(FIND(PurlinsxGirthsxBracings,$C16))>0,0,ROUNDUP(IF(D16=0,0,VLOOKUP(D16,'DATA SHEET'!$B:$D,3,FALSE)),2))} -> 1251.8 | I16: {=IF(AND(ISBLANK(B16),ISBLANK(C16),ISBLANK(E16)),0,IF(COUNT(FIND(PurlinsxGirthsxBracings,$C16))>0,IF(B16=0,CONCATENATE(E16," ",C16),CONCATENATE(B16," - ",E16," ",C16)),IF(B16=0,IF(ISBLANK(C16),E16,CONCATENATE(D16,", ",F16,"kg/m, ",G16,"mm surface perimeter")),IF(AND(ISBLANK(C16),ISTEXT(E16)),CONCATENATE(B16," - ",E16),IF(AND(ISBLANK(C16),ISBLANK(E16)),B16,CONCATENATE(B16," - ",D16,", ",F16,"kg/m, ",G16,"mm surface perimeter"))))&IF(ISBLANK(H16),"",H16)))} -> B31b - 310UB40.4, 40.4kg/m, 1251.8mm surface perimeter | L16: {=IF(COUNT(FIND({0,1,2,3,4,5,6,7,8,9},B16))>0,COUNT(FIND({0,1,2,3,4,5,6,7,8,9},B16))>0,"")} -> TRUE | M16: {=IFERROR(_xlfn.IFS(R16="Count",RANDBETWEEN(1,COUNTIF($R$11:$R$653,"Count")),R16="Length",RANDBETWEEN(1,COUNTIF($R$11:$R$653,"Length"))),"")} -> 15 | N16: =IFERROR(_xlfn.RANK.EQ(M16,$M$11:$M$653)+COUNTIF($M$11:M16,M16)-1,"") -> 1 | O16: =IF(A16='DATA SHEET'!$L$36,C16,IFERROR(IF(AND(ISTEXT(I16),ISBLANK(C16)),"No details",VLOOKUP(C16,DimFolder,2,FALSE)),"")) -> CHS, UB, UC, WB, WC, BT, CT | P16: =IF(AND(ISBLANK(B16),ISBLANK(C16)),"",CONCATENATE("Structural\Structural Steel\",A16,"\",O16)) -> Structural\Structural Steel\Framing\CHS, UB, UC, WB, WC, BT, CT | Q16: =IF(AND(ISBLANK(B16),ISBLANK(C16)),"",I16) -> B31b - 310UB40.4, 40.4kg/m, 1251.8mm surface perimeter | R16: {=IF(INDEX(Table2[],_xlfn.XMATCH($A16,Table2[Steel Member],0),_xlfn.XMATCH(R$2,Table2[#Headers],0))=0,"",INDEX(Table2[],_xlfn.XMATCH($A16,Table2[Steel Member],0),_xlfn.XMATCH(R$2,Table2[#Headers],0)))} -> Length | S16: {=IF(INDEX(Table2[],_xlfn.XMATCH($A16,Table2[Steel Member],0),_xlfn.XMATCH(S$2,Table2[#Headers],0))=0,"",INDEX(Table2[],_xlfn.XMATCH($A16,Table2[Steel Member],0),_xlfn.XMATCH(S$2,Table2[#Headers],0)))} -> Weight | T16: =IF(AND(ISBLANK(B16),ISBLANK(C16)),"","t") -> t | U16: =VLOOKUP(N16,'COLOR CODE'!$B:$D,2,FALSE) -> 255,255,0 | V16: =IF(AND(ISBLANK(B16),ISBLANK(C16)),"","Red") -> Red | W16: {=IF(INDEX(Table2[],_xlfn.XMATCH($A16,Table2[Steel Member],0),_xlfn.XMATCH(W$2,Table2[#Headers],0))=0,"",INDEX(Table2[],_xlfn.XMATCH($A16,Table2[Steel Member],0),_xlfn.XMATCH(W$2,Table2[#Headers],0)))} | X16: =W16 | Y16: {=IF(INDEX(Table2[],_xlfn.XMATCH($A16,Table2[Steel Member],0),_xlfn.XMATCH(Y$2,Table2[#Headers],0))=0,"",INDEX(Table2[],_xlfn.XMATCH($A16,Table2[Steel Member],0),_xlfn.XMATCH(Y$2,Table2[#Headers],0)))} -> "0 degrees" | Z16: {=IF(INDEX(Table2[],_xlfn.XMATCH($A16,Table2[Steel Member],0),_xlfn.XMATCH(Z$2,Table2[#Headers],0))=0,"",INDEX(Table2[],_xlfn.XMATCH($A16,Table2[Steel Member],0),_xlfn.XMATCH(Z$2,Table2[#Headers],0)))} | AA16: {=IF(INDEX(Table2[],_xlfn.XMATCH($A16,Table2[Steel Member],0),_xlfn.XMATCH(AA$2,Table2[#Headers],0))=0,"",INDEX(Table2[],_xlfn.XMATCH($A16,Table2[Steel Member],0),_xlfn.XMATCH(AA$2,Table2[#Headers],0)))} -> [Count] | AB16: {=IF(INDEX(Table2[],_xlfn.XMATCH($A16,Table2[Steel Member],0),_xlfn.XMATCH(AB$2,Table2[#Headers],0))=0,"",INDEX(Table2[],_xlfn.XMATCH($A16,Table2[Steel Member],0),_xlfn.XMATCH(AB$2,Table2[#Headers],0)))} -> [Length] | AC16: {=IFERROR(INDEX(Table8[],_xlfn.XMATCH($O16,Table8[Dimension Name Category],0),_xlfn.XMATCH(AC$2&IF($L16," w/ tag"," w/o tag"),Table8[#Headers],0)),"")} -> 4 | AD16: =IF(OR($AC16="",$AC16=0),"",IF($A16=Column,"{Length}*XNUMBER({Dimension Group Name},"&$AC16&")/1000","{Length}*XNUMBER({Dimension Group Name},"&$AC16&")/1000*{Slope Factor}")) -> {Length}*XNUMBER({Dimension Group Name},4)/1000*{Slope Factor} | AE16: =IF(AND(ISBLANK(B16),ISBLANK(C16)),"",IF($A16=Purlins_Girths_Bracings,"","Steel Surface Area")) -> Steel Surface Area | AF16: =IF(AND(ISBLANK(B16),ISBLANK(C16)),"",IF($A16=Purlins_Girths_Bracings,"","m2")) -> m2 | AG16: {=IFERROR(INDEX(Table8[],_xlfn.XMATCH($O16,Table8[Dimension Name Category],0),_xlfn.XMATCH(AG$2&IF($L16," w/ tag"," w/o tag"),Table8[#Headers],0)),"")} -> 5 | AH16: =IF(OR($AG16="",$AG16=0),"",IF($A16=Column,"{Length}*XNUMBER({Dimension Group Name},"&$AG16&")/1000","{Length}*XNUMBER({Dimension Group Name},"&$AG16&")/1000*{Slope Factor}")) -> {Length}*XNUMBER({Dimension Group Name},5)/1000*{Slope Factor} | AJ16: =IF(OR($A16=Column,$A16=""),"","Slope Length") -> Slope Length | AK16: =IF(OR($A16=Column,$A16=""),"","m") -> m | AL16: {=IF(INDEX(Table2[],_xlfn.XMATCH($A16,Table2[Steel Member],0),_xlfn.XMATCH(AL$2,Table2[#Headers],0))=0,"",INDEX(Table2[],_xlfn.XMATCH($A16,Table2[Steel Member],0),_xlfn.XMATCH(AL$2,Table2[#Headers],0)))} -> [Length]*{Slope Factor} | AN16: =IF(OR($A16=Column,$A16=""),"","Slope Factor") -> Slope Factor | AP16: {=IF(INDEX(Table2[],_xlfn.XMATCH($A16,Table2[Steel Member],0),_xlfn.XMATCH(AP$2,Table2[#Headers],0))=0,"",INDEX(Table2[],_xlfn.XMATCH($A16,Table2[Steel Member],0),_xlfn.XMATCH(AP$2,Table2[#Headers],0)))} -> 1/COS(RADIANS(XNUMBER({Dimension Name},1)))
A17: Framing | B17: B41b | C17: UB | D17: 410UB59.7 | F17: {=IF(COUNT(FIND(PurlinsxGirthsxBracings,$C17))>0,0,ROUNDUP(IF(D17=0,0,VLOOKUP(D17,'DATA SHEET'!$B:$D,2,FALSE)),2))} -> 59.7 | G17: {=IF(COUNT(FIND(PurlinsxGirthsxBracings,$C17))>0,0,ROUNDUP(IF(D17=0,0,VLOOKUP(D17,'DATA SHEET'!$B:$D,3,FALSE)),2))} -> 1508.4 | I17: {=IF(AND(ISBLANK(B17),ISBLANK(C17),ISBLANK(E17)),0,IF(COUNT(FIND(PurlinsxGirthsxBracings,$C17))>0,IF(B17=0,CONCATENATE(E17," ",C17),CONCATENATE(B17," - ",E17," ",C17)),IF(B17=0,IF(ISBLANK(C17),E17,CONCATENATE(D17,", ",F17,"kg/m, ",G17,"mm surface perimeter")),IF(AND(ISBLANK(C17),ISTEXT(E17)),CONCATENATE(B17," - ",E17),IF(AND(ISBLANK(C17),ISBLANK(E17)),B17,CONCATENATE(B17," - ",D17,", ",F17,"kg/m, ",G17,"mm surface perimeter"))))&IF(ISBLANK(H17),"",H17)))} -> B41b - 410UB59.7, 59.7kg/m, 1508.4mm surface perimeter | L17: {=IF(COUNT(FIND({0,1,2,3,4,5,6,7,8,9},B17))>0,COUNT(FIND({0,1,2,3,4,5,6,7,8,9},B17))>0,"")} -> TRUE | M17: {=IFERROR(_xlfn.IFS(R17="Count",RANDBETWEEN(1,COUNTIF($R$11:$R$653,"Count")),R17="Length",RANDBETWEEN(1,COUNTIF($R$11:$R$653,"Length"))),"")} -> 5 | N17: =IFERROR(_xlfn.RANK.EQ(M17,$M$11:$M$653)+COUNTIF($M$11:M17,M17)-1,"") -> 9 | O17: =IF(A17='DATA SHEET'!$L$36,C17,IFERROR(IF(AND(ISTEXT(I17),ISBLANK(C17)),"No details",VLOOKUP(C17,DimFolder,2,FALSE)),"")) -> CHS, UB, UC, WB, WC, BT, CT | P17: =IF(AND(ISBLANK(B17),ISBLANK(C17)),"",CONCATENATE("Structural\Structural Steel\",A17,"\",O17)) -> Structural\Structural Steel\Framing\CHS, UB, UC, WB, WC, BT, CT | Q17: =IF(AND(ISBLANK(B17),ISBLANK(C17)),"",I17) -> B41b - 410UB59.7, 59.7kg/m, 1508.4mm surface perimeter | R17: {=IF(INDEX(Table2[],_xlfn.XMATCH($A17,Table2[Steel Member],0),_xlfn.XMATCH(R$2,Table2[#Headers],0))=0,"",INDEX(Table2[],_xlfn.XMATCH($A17,Table2[Steel Member],0),_xlfn.XMATCH(R$2,Table2[#Headers],0)))} -> Length | S17: {=IF(INDEX(Table2[],_xlfn.XMATCH($A17,Table2[Steel Member],0),_xlfn.XMATCH(S$2,Table2[#Headers],0))=0,"",INDEX(Table2[],_xlfn.XMATCH($A17,Table2[Steel Member],0),_xlfn.XMATCH(S$2,Table2[#Headers],0)))} -> Weight | T17: =IF(AND(ISBLANK(B17),ISBLANK(C17)),"","t") -> t | U17: =VLOOKUP(N17,'COLOR CODE'!$B:$D,2,FALSE) -> 0,255,0 | V17: =IF(AND(ISBLANK(B17),ISBLANK(C17)),"","Red") -> Red | W17: {=IF(INDEX(Table2[],_xlfn.XMATCH($A17,Table2[Steel Member],0),_xlfn.XMATCH(W$2,Table2[#Headers],0))=0,"",INDEX(Table2[],_xlfn.XMATCH($A17,Table2[Steel Member],0),_xlfn.XMATCH(W$2,Table2[#Headers],0)))} | X17: =W17 | Y17: {=IF(INDEX(Table2[],_xlfn.XMATCH($A17,Table2[Steel Member],0),_xlfn.XMATCH(Y$2,Table2[#Headers],0))=0,"",INDEX(Table2[],_xlfn.XMATCH($A17,Table2[Steel Member],0),_xlfn.XMATCH(Y$2,Table2[#Headers],0)))} -> "0 degrees" | Z17: {=IF(INDEX(Table2[],_xlfn.XMATCH($A17,Table2[Steel Member],0),_xlfn.XMATCH(Z$2,Table2[#Headers],0))=0,"",INDEX(Table2[],_xlfn.XMATCH($A17,Table2[Steel Member],0),_xlfn.XMATCH(Z$2,Table2[#Headers],0)))} | AA17: {=IF(INDEX(Table2[],_xlfn.XMATCH($A17,Table2[Steel Member],0),_xlfn.XMATCH(AA$2,Table2[#Headers],0))=0,"",INDEX(Table2[],_xlfn.XMATCH($A17,Table2[Steel Member],0),_xlfn.XMATCH(AA$2,Table2[#Headers],0)))} -> [Count] | AB17: {=IF(INDEX(Table2[],_xlfn.XMATCH($A17,Table2[Steel Member],0),_xlfn.XMATCH(AB$2,Table2[#Headers],0))=0,"",INDEX(Table2[],_xlfn.XMATCH($A17,Table2[Steel Member],0),_xlfn.XMATCH(AB$2,Table2[#Headers],0)))} -> [Length] | AC17: {=IFERROR(INDEX(Table8[],_xlfn.XMATCH($O17,Table8[Dimension Name Category],0),_xlfn.XMATCH(AC$2&IF($L17," w/ tag"," w/o tag"),Table8[#Headers],0)),"")} -> 4 | AD17: =IF(OR($AC17="",$AC17=0),"",IF($A17=Column,"{Length}*XNUMBER({Dimension Group Name},"&$AC17&")/1000","{Length}*XNUMBER({Dimension Group Name},"&$AC17&")/1000*{Slope Factor}")) -> {Length}*XNUMBER({Dimension Group Name},4)/1000*{Slope Factor} | AE17: =IF(AND(ISBLANK(B17),ISBLANK(C17)),"",IF($A17=Purlins_Girths_Bracings,"","Steel Surface Area")) -> Steel Surface Area | AF17: =IF(AND(ISBLANK(B17),ISBLANK(C17)),"",IF($A17=Purlins_Girths_Bracings,"","m2")) -> m2 | AG17: {=IFERROR(INDEX(Table8[],_xlfn.XMATCH($O17,Table8[Dimension Name Category],0),_xlfn.XMATCH(AG$2&IF($L17," w/ tag"," w/o tag"),Table8[#Headers],0)),"")} -> 5 | AH17: =IF(OR($AG17="",$AG17=0),"",IF($A17=Column,"{Length}*XNUMBER({Dimension Group Name},"&$AG17&")/1000","{Length}*XNUMBER({Dimension Group Name},"&$AG17&")/1000*{Slope Factor}")) -> {Length}*XNUMBER({Dimension Group Name},5)/1000*{Slope Factor} | AJ17: =IF(OR($A17=Column,$A17=""),"","Slope Length") -> Slope Length | AK17: =IF(OR($A17=Column,$A17=""),"","m") -> m | AL17: {=IF(INDEX(Table2[],_xlfn.XMATCH($A17,Table2[Steel Member],0),_xlfn.XMATCH(AL$2,Table2[#Headers],0))=0,"",INDEX(Table2[],_xlfn.XMATCH($A17,Table2[Steel Member],0),_xlfn.XMATCH(AL$2,Table2[#Headers],0)))} -> [Length]*{Slope Factor} | AN17: =IF(OR($A17=Column,$A17=""),"","Slope Factor") -> Slope Factor | AP17: {=IF(INDEX(Table2[],_xlfn.XMATCH($A17,Table2[Steel Member],0),_xlfn.XMATCH(AP$2,Table2[#Headers],0))=0,"",INDEX(Table2[],_xlfn.XMATCH($A17,Table2[Steel Member],0),_xlfn.XMATCH(AP$2,Table2[#Headers],0)))} -> 1/COS(RADIANS(XNUMBER({Dimension Name},1)))
A18: Framing | B18: B61a | C18: UB | D18: 610UB101 | F18: {=IF(COUNT(FIND(PurlinsxGirthsxBracings,$C18))>0,0,ROUNDUP(IF(D18=0,0,VLOOKUP(D18,'DATA SHEET'!$B:$D,2,FALSE)),2))} -> 101 | G18: {=IF(COUNT(FIND(PurlinsxGirthsxBracings,$C18))>0,0,ROUNDUP(IF(D18=0,0,VLOOKUP(D18,'DATA SHEET'!$B:$D,3,FALSE)),2))} -> 2094.8 | I18: {=IF(AND(ISBLANK(B18),ISBLANK(C18),ISBLANK(E18)),0,IF(COUNT(FIND(PurlinsxGirthsxBracings,$C18))>0,IF(B18=0,CONCATENATE(E18," ",C18),CONCATENATE(B18," - ",E18," ",C18)),IF(B18=0,IF(ISBLANK(C18),E18,CONCATENATE(D18,", ",F18,"kg/m, ",G18,"mm surface perimeter")),IF(AND(ISBLANK(C18),ISTEXT(E18)),CONCATENATE(B18," - ",E18),IF(AND(ISBLANK(C18),ISBLANK(E18)),B18,CONCATENATE(B18," - ",D18,", ",F18,"kg/m, ",G18,"mm surface perimeter"))))&IF(ISBLANK(H18),"",H18)))} -> B61a - 610UB101, 101kg/m, 2094.8mm surface perimeter | L18: {=IF(COUNT(FIND({0,1,2,3,4,5,6,7,8,9},B18))>0,COUNT(FIND({0,1,2,3,4,5,6,7,8,9},B18))>0,"")} -> TRUE | M18: {=IFERROR(_xlfn.IFS(R18="Count",RANDBETWEEN(1,COUNTIF($R$11:$R$653,"Count")),R18="Length",RANDBETWEEN(1,COUNTIF($R$11:$R$653,"Length"))),"")} -> 3 | N18: =IFERROR(_xlfn.RANK.EQ(M18,$M$11:$M$653)+COUNTIF($M$11:M18,M18)-1,"") -> 11 | O18: =IF(A18='DATA SHEET'!$L$36,C18,IFERROR(IF(AND(ISTEXT(I18),ISBLANK(C18)),"No details",VLOOKUP(C18,DimFolder,2,FALSE)),"")) -> CHS, UB, UC, WB, WC, BT, CT | P18: =IF(AND(ISBLANK(B18),ISBLANK(C18)),"",CONCATENATE("Structural\Structural Steel\",A18,"\",O18)) -> Structural\Structural Steel\Framing\CHS, UB, UC, WB, WC, BT, CT | Q18: =IF(AND(ISBLANK(B18),ISBLANK(C18)),"",I18) -> B61a - 610UB101, 101kg/m, 2094.8mm surface perimeter | R18: {=IF(INDEX(Table2[],_xlfn.XMATCH($A18,Table2[Steel Member],0),_xlfn.XMATCH(R$2,Table2[#Headers],0))=0,"",INDEX(Table2[],_xlfn.XMATCH($A18,Table2[Steel Member],0),_xlfn.XMATCH(R$2,Table2[#Headers],0)))} -> Length | S18: {=IF(INDEX(Table2[],_xlfn.XMATCH($A18,Table2[Steel Member],0),_xlfn.XMATCH(S$2,Table2[#Headers],0))=0,"",INDEX(Table2[],_xlfn.XMATCH($A18,Table2[Steel Member],0),_xlfn.XMATCH(S$2,Table2[#Headers],0)))} -> Weight | T18: =IF(AND(ISBLANK(B18),ISBLANK(C18)),"","t") -> t | U18: =VLOOKUP(N18,'COLOR CODE'!$B:$D,2,FALSE) -> 0,255,255 | V18: =IF(AND(ISBLANK(B18),ISBLANK(C18)),"","Red") -> Red | W18: {=IF(INDEX(Table2[],_xlfn.XMATCH($A18,Table2[Steel Member],0),_xlfn.XMATCH(W$2,Table2[#Headers],0))=0,"",INDEX(Table2[],_xlfn.XMATCH($A18,Table2[Steel Member],0),_xlfn.XMATCH(W$2,Table2[#Headers],0)))} | X18: =W18 | Y18: {=IF(INDEX(Table2[],_xlfn.XMATCH($A18,Table2[Steel Member],0),_xlfn.XMATCH(Y$2,Table2[#Headers],0))=0,"",INDEX(Table2[],_xlfn.XMATCH($A18,Table2[Steel Member],0),_xlfn.XMATCH(Y$2,Table2[#Headers],0)))} -> "0 degrees" | Z18: {=IF(INDEX(Table2[],_xlfn.XMATCH($A18,Table2[Steel Member],0),_xlfn.XMATCH(Z$2,Table2[#Headers],0))=0,"",INDEX(Table2[],_xlfn.XMATCH($A18,Table2[Steel Member],0),_xlfn.XMATCH(Z$2,Table2[#Headers],0)))} | AA18: {=IF(INDEX(Table2[],_xlfn.XMATCH($A18,Table2[Steel Member],0),_xlfn.XMATCH(AA$2,Table2[#Headers],0))=0,"",INDEX(Table2[],_xlfn.XMATCH($A18,Table2[Steel Member],0),_xlfn.XMATCH(AA$2,Table2[#Headers],0)))} -> [Count] | AB18: {=IF(INDEX(Table2[],_xlfn.XMATCH($A18,Table2[Steel Member],0),_xlfn.XMATCH(AB$2,Table2[#Headers],0))=0,"",INDEX(Table2[],_xlfn.XMATCH($A18,Table2[Steel Member],0),_xlfn.XMATCH(AB$2,Table2[#Headers],0)))} -> [Length] | AC18: {=IFERROR(INDEX(Table8[],_xlfn.XMATCH($O18,Table8[Dimension Name Category],0),_xlfn.XMATCH(AC$2&IF($L18," w/ tag"," w/o tag"),Table8[#Headers],0)),"")} -> 4 | AD18: =IF(OR($AC18="",$AC18=0),"",IF($A18=Column,"{Length}*XNUMBER({Dimension Group Name},"&$AC18&")/1000","{Length}*XNUMBER({Dimension Group Name},"&$AC18&")/1000*{Slope Factor}")) -> {Length}*XNUMBER({Dimension Group Name},4)/1000*{Slope Factor} | AE18: =IF(AND(ISBLANK(B18),ISBLANK(C18)),"",IF($A18=Purlins_Girths_Bracings,"","Steel Surface Area")) -> Steel Surface Area | AF18: =IF(AND(ISBLANK(B18),ISBLANK(C18)),"",IF($A18=Purlins_Girths_Bracings,"","m2")) -> m2 | AG18: {=IFERROR(INDEX(Table8[],_xlfn.XMATCH($O18,Table8[Dimension Name Category],0),_xlfn.XMATCH(AG$2&IF($L18," w/ tag"," w/o tag"),Table8[#Headers],0)),"")} -> 5 | AH18: =IF(OR($AG18="",$AG18=0),"",IF($A18=Column,"{Length}*XNUMBER({Dimension Group Name},"&$AG18&")/1000","{Length}*XNUMBER({Dimension Group Name},"&$AG18&")/1000*{Slope Factor}")) -> {Length}*XNUMBER({Dimension Group Name},5)/1000*{Slope Factor} | AJ18: =IF(OR($A18=Column,$A18=""),"","Slope Length") -> Slope Length | AK18: =IF(OR($A18=Column,$A18=""),"","m") -> m | AL18: {=IF(INDEX(Table2[],_xlfn.XMATCH($A18,Table2[Steel Member],0),_xlfn.XMATCH(AL$2,Table2[#Headers],0))=0,"",INDEX(Table2[],_xlfn.XMATCH($A18,Table2[Steel Member],0),_xlfn.XMATCH(AL$2,Table2[#Headers],0)))} -> [Length]*{Slope Factor} | AN18: =IF(OR($A18=Column,$A18=""),"","Slope Factor") -> Slope Factor | AP18: {=IF(INDEX(Table2[],_xlfn.XMATCH($A18,Table2[Steel Member],0),_xlfn.XMATCH(AP$2,Table2[#Headers],0))=0,"",INDEX(Table2[],_xlfn.XMATCH($A18,Table2[Steel Member],0),_xlfn.XMATCH(AP$2,Table2[#Headers],0)))} -> 1/COS(RADIANS(XNUMBER({Dimension Name},1)))
A19: Framing | B19: B61c | C19: UB | D19: 610UB125 | F19: {=IF(COUNT(FIND(PurlinsxGirthsxBracings,$C19))>0,0,ROUNDUP(IF(D19=0,0,VLOOKUP(D19,'DATA SHEET'!$B:$D,2,FALSE)),2))} -> 125 | G19: {=IF(COUNT(FIND(PurlinsxGirthsxBracings,$C19))>0,0,ROUNDUP(IF(D19=0,0,VLOOKUP(D19,'DATA SHEET'!$B:$D,3,FALSE)),2))} -> 2116.2 | I19: {=IF(AND(ISBLANK(B19),ISBLANK(C19),ISBLANK(E19)),0,IF(COUNT(FIND(PurlinsxGirthsxBracings,$C19))>0,IF(B19=0,CONCATENATE(E19," ",C19),CONCATENATE(B19," - ",E19," ",C19)),IF(B19=0,IF(ISBLANK(C19),E19,CONCATENATE(D19,", ",F19,"kg/m, ",G19,"mm surface perimeter")),IF(AND(ISBLANK(C19),ISTEXT(E19)),CONCATENATE(B19," - ",E19),IF(AND(ISBLANK(C19),ISBLANK(E19)),B19,CONCATENATE(B19," - ",D19,", ",F19,"kg/m, ",G19,"mm surface perimeter"))))&IF(ISBLANK(H19),"",H19)))} -> B61c - 610UB125, 125kg/m, 2116.2mm surface perimeter | L19: {=IF(COUNT(FIND({0,1,2,3,4,5,6,7,8,9},B19))>0,COUNT(FIND({0,1,2,3,4,5,6,7,8,9},B19))>0,"")} -> TRUE | M19: {=IFERROR(_xlfn.IFS(R19="Count",RANDBETWEEN(1,COUNTIF($R$11:$R$653,"Count")),R19="Length",RANDBETWEEN(1,COUNTIF($R$11:$R$653,"Length"))),"")} -> 15 | N19: =IFERROR(_xlfn.RANK.EQ(M19,$M$11:$M$653)+COUNTIF($M$11:M19,M19)-1,"") -> 2 | O19: =IF(A19='DATA SHEET'!$L$36,C19,IFERROR(IF(AND(ISTEXT(I19),ISBLANK(C19)),"No details",VLOOKUP(C19,DimFolder,2,FALSE)),"")) -> CHS, UB, UC, WB, WC, BT, CT | P19: =IF(AND(ISBLANK(B19),ISBLANK(C19)),"",CONCATENATE("Structural\Structural Steel\",A19,"\",O19)) -> Structural\Structural Steel\Framing\CHS, UB, UC, WB, WC, BT, CT | Q19: =IF(AND(ISBLANK(B19),ISBLANK(C19)),"",I19) -> B61c - 610UB125, 125kg/m, 2116.2mm surface perimeter | R19: {=IF(INDEX(Table2[],_xlfn.XMATCH($A19,Table2[Steel Member],0),_xlfn.XMATCH(R$2,Table2[#Headers],0))=0,"",INDEX(Table2[],_xlfn.XMATCH($A19,Table2[Steel Member],0),_xlfn.XMATCH(R$2,Table2[#Headers],0)))} -> Length | S19: {=IF(INDEX(Table2[],_xlfn.XMATCH($A19,Table2[Steel Member],0),_xlfn.XMATCH(S$2,Table2[#Headers],0))=0,"",INDEX(Table2[],_xlfn.XMATCH($A19,Table2[Steel Member],0),_xlfn.XMATCH(S$2,Table2[#Headers],0)))} -> Weight | T19: =IF(AND(ISBLANK(B19),ISBLANK(C19)),"","t") -> t | U19: =VLOOKUP(N19,'COLOR CODE'!$B:$D,2,FALSE) -> 210,105,30 | V19: =IF(AND(ISBLANK(B19),ISBLANK(C19)),"","Red") -> Red | W19: {=IF(INDEX(Table2[],_xlfn.XMATCH($A19,Table2[Steel Member],0),_xlfn.XMATCH(W$2,Table2[#Headers],0))=0,"",INDEX(Table2[],_xlfn.XMATCH($A19,Table2[Steel Member],0),_xlfn.XMATCH(W$2,Table2[#Headers],0)))} | X19: =W19 | Y19: {=IF(INDEX(Table2[],_xlfn.XMATCH($A19,Table2[Steel Member],0),_xlfn.XMATCH(Y$2,Table2[#Headers],0))=0,"",INDEX(Table2[],_xlfn.XMATCH($A19,Table2[Steel Member],0),_xlfn.XMATCH(Y$2,Table2[#Headers],0)))} -> "0 degrees" | Z19: {=IF(INDEX(Table2[],_xlfn.XMATCH($A19,Table2[Steel Member],0),_xlfn.XMATCH(Z$2,Table2[#Headers],0))=0,"",INDEX(Table2[],_xlfn.XMATCH($A19,Table2[Steel Member],0),_xlfn.XMATCH(Z$2,Table2[#Headers],0)))} | AA19: {=IF(INDEX(Table2[],_xlfn.XMATCH($A19,Table2[Steel Member],0),_xlfn.XMATCH(AA$2,Table2[#Headers],0))=0,"",INDEX(Table2[],_xlfn.XMATCH($A19,Table2[Steel Member],0),_xlfn.XMATCH(AA$2,Table2[#Headers],0)))} -> [Count] | AB19: {=IF(INDEX(Table2[],_xlfn.XMATCH($A19,Table2[Steel Member],0),_xlfn.XMATCH(AB$2,Table2[#Headers],0))=0,"",INDEX(Table2[],_xlfn.XMATCH($A19,Table2[Steel Member],0),_xlfn.XMATCH(AB$2,Table2[#Headers],0)))} -> [Length] | AC19: {=IFERROR(INDEX(Table8[],_xlfn.XMATCH($O19,Table8[Dimension Name Category],0),_xlfn.XMATCH(AC$2&IF($L19," w/ tag"," w/o tag"),Table8[#Headers],0)),"")} -> 4 | AD19: =IF(OR($AC19="",$AC19=0),"",IF($A19=Column,"{Length}*XNUMBER({Dimension Group Name},"&$AC19&")/1000","{Length}*XNUMBER({Dimension Group Name},"&$AC19&")/1000*{Slope Factor}")) -> {Length}*XNUMBER({Dimension Group Name},4)/1000*{Slope Factor} | AE19: =IF(AND(ISBLANK(B19),ISBLANK(C19)),"",IF($A19=Purlins_Girths_Bracings,"","Steel Surface Area")) -> Steel Surface Area | AF19: =IF(AND(ISBLANK(B19),ISBLANK(C19)),"",IF($A19=Purlins_Girths_Bracings,"","m2")) -> m2 | AG19: {=IFERROR(INDEX(Table8[],_xlfn.XMATCH($O19,Table8[Dimension Name Category],0),_xlfn.XMATCH(AG$2&IF($L19," w/ tag"," w/o tag"),Table8[#Headers],0)),"")} -> 5 | AH19: =IF(OR($AG19="",$AG19=0),"",IF($A19=Column,"{Length}*XNUMBER({Dimension Group Name},"&$AG19&")/1000","{Length}*XNUMBER({Dimension Group Name},"&$AG19&")/1000*{Slope Factor}")) -> {Length}*XNUMBER({Dimension Group Name},5)/1000*{Slope Factor} | AJ19: =IF(OR($A19=Column,$A19=""),"","Slope Length") -> Slope Length | AK19: =IF(OR($A19=Column,$A19=""),"","m") -> m | AL19: {=IF(INDEX(Table2[],_xlfn.XMATCH($A19,Table2[Steel Member],0),_xlfn.XMATCH(AL$2,Table2[#Headers],0))=0,"",INDEX(Table2[],_xlfn.XMATCH($A19,Table2[Steel Member],0),_xlfn.XMATCH(AL$2,Table2[#Headers],0)))} -> [Length]*{Slope Factor} | AN19: =IF(OR($A19=Column,$A19=""),"","Slope Factor") -> Slope Factor | AP19: {=IF(INDEX(Table2[],_xlfn.XMATCH($A19,Table2[Steel Member],0),_xlfn.XMATCH(AP$2,Table2[#Headers],0))=0,"",INDEX(Table2[],_xlfn.XMATCH($A19,Table2[Steel Member],0),_xlfn.XMATCH(AP$2,Table2[#Headers],0)))} -> 1/COS(RADIANS(XNUMBER({Dimension Name},1)))
A20: Framing | B20: B70a | C20: WB | D20: 700WB115 | F20: {=IF(COUNT(FIND(PurlinsxGirthsxBracings,$C20))>0,0,ROUNDUP(IF(D20=0,0,VLOOKUP(D20,'DATA SHEET'!$B:$D,2,FALSE)),2))} -> 115 | G20: {=IF(COUNT(FIND(PurlinsxGirthsxBracings,$C20))>0,0,ROUNDUP(IF(D20=0,0,VLOOKUP(D20,'DATA SHEET'!$B:$D,3,FALSE)),2))} -> 2384 | I20: {=IF(AND(ISBLANK(B20),ISBLANK(C20),ISBLANK(E20)),0,IF(COUNT(FIND(PurlinsxGirthsxBracings,$C20))>0,IF(B20=0,CONCATENATE(E20," ",C20),CONCATENATE(B20," - ",E20," ",C20)),IF(B20=0,IF(ISBLANK(C20),E20,CONCATENATE(D20,", ",F20,"kg/m, ",G20,"mm surface perimeter")),IF(AND(ISBLANK(C20),ISTEXT(E20)),CONCATENATE(B20," - ",E20),IF(AND(ISBLANK(C20),ISBLANK(E20)),B20,CONCATENATE(B20," - ",D20,", ",F20,"kg/m, ",G20,"mm surface perimeter"))))&IF(ISBLANK(H20),"",H20)))} -> B70a - 700WB115, 115kg/m, 2384mm surface perimeter | L20: {=IF(COUNT(FIND({0,1,2,3,4,5,6,7,8,9},B20))>0,COUNT(FIND({0,1,2,3,4,5,6,7,8,9},B20))>0,"")} -> TRUE | M20: {=IFERROR(_xlfn.IFS(R20="Count",RANDBETWEEN(1,COUNTIF($R$11:$R$653,"Count")),R20="Length",RANDBETWEEN(1,COUNTIF($R$11:$R$653,"Length"))),"")} -> 5 | N20: =IFERROR(_xlfn.RANK.EQ(M20,$M$11:$M$653)+COUNTIF($M$11:M20,M20)-1,"") -> 10 | O20: =IF(A20='DATA SHEET'!$L$36,C20,IFERROR(IF(AND(ISTEXT(I20),ISBLANK(C20)),"No details",VLOOKUP(C20,DimFolder,2,FALSE)),"")) -> CHS, UB, UC, WB, WC, BT, CT | P20: =IF(AND(ISBLANK(B20),ISBLANK(C20)),"",CONCATENATE("Structural\Structural Steel\",A20,"\",O20)) -> Structural\Structural Steel\Framing\CHS, UB, UC, WB, WC, BT, CT | Q20: =IF(AND(ISBLANK(B20),ISBLANK(C20)),"",I20) -> B70a - 700WB115, 115kg/m, 2384mm surface perimeter | R20: {=IF(INDEX(Table2[],_xlfn.XMATCH($A20,Table2[Steel Member],0),_xlfn.XMATCH(R$2,Table2[#Headers],0))=0,"",INDEX(Table2[],_xlfn.XMATCH($A20,Table2[Steel Member],0),_xlfn.XMATCH(R$2,Table2[#Headers],0)))} -> Length | S20: {=IF(INDEX(Table2[],_xlfn.XMATCH($A20,Table2[Steel Member],0),_xlfn.XMATCH(S$2,Table2[#Headers],0))=0,"",INDEX(Table2[],_xlfn.XMATCH($A20,Table2[Steel Member],0),_xlfn.XMATCH(S$2,Table2[#Headers],0)))} -> Weight | T20: =IF(AND(ISBLANK(B20),ISBLANK(C20)),"","t") -> t | U20: =VLOOKUP(N20,'COLOR CODE'!$B:$D,2,FALSE) -> 0,255,255 | V20: =IF(AND(ISBLANK(B20),ISBLANK(C20)),"","Red") -> Red | W20: {=IF(INDEX(Table2[],_xlfn.XMATCH($A20,Table2[Steel Member],0),_xlfn.XMATCH(W$2,Table2[#Headers],0))=0,"",INDEX(Table2[],_xlfn.XMATCH($A20,Table2[Steel Member],0),_xlfn.XMATCH(W$2,Table2[#Headers],0)))} | X20: =W20 | Y20: {=IF(INDEX(Table2[],_xlfn.XMATCH($A20,Table2[Steel Member],0),_xlfn.XMATCH(Y$2,Table2[#Headers],0))=0,"",INDEX(Table2[],_xlfn.XMATCH($A20,Table2[Steel Member],0),_xlfn.XMATCH(Y$2,Table2[#Headers],0)))} -> "0 degrees" | Z20: {=IF(INDEX(Table2[],_xlfn.XMATCH($A20,Table2[Steel Member],0),_xlfn.XMATCH(Z$2,Table2[#Headers],0))=0,"",INDEX(Table2[],_xlfn.XMATCH($A20,Table2[Steel Member],0),_xlfn.XMATCH(Z$2,Table2[#Headers],0)))} | AA20: {=IF(INDEX(Table2[],_xlfn.XMATCH($A20,Table2[Steel Member],0),_xlfn.XMATCH(AA$2,Table2[#Headers],0))=0,"",INDEX(Table2[],_xlfn.XMATCH($A20,Table2[Steel Member],0),_xlfn.XMATCH(AA$2,Table2[#Headers],0)))} -> [Count] | AB20: {=IF(INDEX(Table2[],_xlfn.XMATCH($A20,Table2[Steel Member],0),_xlfn.XMATCH(AB$2,Table2[#Headers],0))=0,"",INDEX(Table2[],_xlfn.XMATCH($A20,Table2[Steel Member],0),_xlfn.XMATCH(AB$2,Table2[#Headers],0)))} -> [Length] | AC20: {=IFERROR(INDEX(Table8[],_xlfn.XMATCH($O20,Table8[Dimension Name Category],0),_xlfn.XMATCH(AC$2&IF($L20," w/ tag"," w/o tag"),Table8[#Headers],0)),"")} -> 4 | AD20: =IF(OR($AC20="",$AC20=0),"",IF($A20=Column,"{Length}*XNUMBER({Dimension Group Name},"&$AC20&")/1000","{Length}*XNUMBER({Dimension Group Name},"&$AC20&")/1000*{Slope Factor}")) -> {Length}*XNUMBER({Dimension Group Name},4)/1000*{Slope Factor} | AE20: =IF(AND(ISBLANK(B20),ISBLANK(C20)),"",IF($A20=Purlins_Girths_Bracings,"","Steel Surface Area")) -> Steel Surface Area | AF20: =IF(AND(ISBLANK(B20),ISBLANK(C20)),"",IF($A20=Purlins_Girths_Bracings,"","m2")) -> m2 | AG20: {=IFERROR(INDEX(Table8[],_xlfn.XMATCH($O20,Table8[Dimension Name Category],0),_xlfn.XMATCH(AG$2&IF($L20," w/ tag"," w/o tag"),Table8[#Headers],0)),"")} -> 5 | AH20: =IF(OR($AG20="",$AG20=0),"",IF($A20=Column,"{Length}*XNUMBER({Dimension Group Name},"&$AG20&")/1000","{Length}*XNUMBER({Dimension Group Name},"&$AG20&")/1000*{Slope Factor}")) -> {Length}*XNUMBER({Dimension Group Name},5)/1000*{Slope Factor} | AJ20: =IF(OR($A20=Column,$A20=""),"","Slope Length") -> Slope Length | AK20: =IF(OR($A20=Column,$A20=""),"","m") -> m | AL20: {=IF(INDEX(Table2[],_xlfn.XMATCH($A20,Table2[Steel Member],0),_xlfn.XMATCH(AL$2,Table2[#Headers],0))=0,"",INDEX(Table2[],_xlfn.XMATCH($A20,Table2[Steel Member],0),_xlfn.XMATCH(AL$2,Table2[#Headers],0)))} -> [Length]*{Slope Factor} | AN20: =IF(OR($A20=Column,$A20=""),"","Slope Factor") -> Slope Factor | AP20: {=IF(INDEX(Table2[],_xlfn.XMATCH($A20,Table2[Steel Member],0),_xlfn.XMATCH(AP$2,Table2[#Headers],0))=0,"",INDEX(Table2[],_xlfn.XMATCH($A20,Table2[Steel Member],0),_xlfn.XMATCH(AP$2,Table2[#Headers],0)))} -> 1/COS(RADIANS(XNUMBER({Dimension Name},1)))
A21: Framing | B21: B70b | C21: WB | D21: 700WB130 | F21: {=IF(COUNT(FIND(PurlinsxGirthsxBracings,$C21))>0,0,ROUNDUP(IF(D21=0,0,VLOOKUP(D21,'DATA SHEET'!$B:$D,2,FALSE)),2))} -> 130 | G21: {=IF(COUNT(FIND(PurlinsxGirthsxBracings,$C21))>0,0,ROUNDUP(IF(D21=0,0,VLOOKUP(D21,'DATA SHEET'!$B:$D,3,FALSE)),2))} -> 2380 | I21: {=IF(AND(ISBLANK(B21),ISBLANK(C21),ISBLANK(E21)),0,IF(COUNT(FIND(PurlinsxGirthsxBracings,$C21))>0,IF(B21=0,CONCATENATE(E21," ",C21),CONCATENATE(B21," - ",E21," ",C21)),IF(B21=0,IF(ISBLANK(C21),E21,CONCATENATE(D21,", ",F21,"kg/m, ",G21,"mm surface perimeter")),IF(AND(ISBLANK(C21),ISTEXT(E21)),CONCATENATE(B21," - ",E21),IF(AND(ISBLANK(C21),ISBLANK(E21)),B21,CONCATENATE(B21," - ",D21,", ",F21,"kg/m, ",G21,"mm surface perimeter"))))&IF(ISBLANK(H21),"",H21)))} -> B70b - 700WB130, 130kg/m, 2380mm surface perimeter | L21: {=IF(COUNT(FIND({0,1,2,3,4,5,6,7,8,9},B21))>0,COUNT(FIND({0,1,2,3,4,5,6,7,8,9},B21))>0,"")} -> TRUE | M21: {=IFERROR(_xlfn.IFS(R21="Count",RANDBETWEEN(1,COUNTIF($R$11:$R$653,"Count")),R21="Length",RANDBETWEEN(1,COUNTIF($R$11:$R$653,"Length"))),"")} -> 1 | N21: =IFERROR(_xlfn.RANK.EQ(M21,$M$11:$M$653)+COUNTIF($M$11:M21,M21)-1,"") -> 15 | O21: =IF(A21='DATA SHEET'!$L$36,C21,IFERROR(IF(AND(ISTEXT(I21),ISBLANK(C21)),"No details",VLOOKUP(C21,DimFolder,2,FALSE)),"")) -> CHS, UB, UC, WB, WC, BT, CT | P21: =IF(AND(ISBLANK(B21),ISBLANK(C21)),"",CONCATENATE("Structural\Structural Steel\",A21,"\",O21)) -> Structural\Structural Steel\Framing\CHS, UB, UC, WB, WC, BT, CT | Q21: =IF(AND(ISBLANK(B21),ISBLANK(C21)),"",I21) -> B70b - 700WB130, 130kg/m, 2380mm surface perimeter | R21: {=IF(INDEX(Table2[],_xlfn.XMATCH($A21,Table2[Steel Member],0),_xlfn.XMATCH(R$2,Table2[#Headers],0))=0,"",INDEX(Table2[],_xlfn.XMATCH($A21,Table2[Steel Member],0),_xlfn.XMATCH(R$2,Table2[#Headers],0)))} -> Length | S21: {=IF(INDEX(Table2[],_xlfn.XMATCH($A21,Table2[Steel Member],0),_xlfn.XMATCH(S$2,Table2[#Headers],0))=0,"",INDEX(Table2[],_xlfn.XMATCH($A21,Table2[Steel Member],0),_xlfn.XMATCH(S$2,Table2[#Headers],0)))} -> Weight | T21: =IF(AND(ISBLANK(B21),ISBLANK(C21)),"","t") -> t | U21: =VLOOKUP(N21,'COLOR CODE'!$B:$D,2,FALSE) -> 218,112,214 | V21: =IF(AND(ISBLANK(B21),ISBLANK(C21)),"","Red") -> Red | W21: {=IF(INDEX(Table2[],_xlfn.XMATCH($A21,Table2[Steel Member],0),_xlfn.XMATCH(W$2,Table2[#Headers],0))=0,"",INDEX(Table2[],_xlfn.XMATCH($A21,Table2[Steel Member],0),_xlfn.XMATCH(W$2,Table2[#Headers],0)))} | X21: =W21 | Y21: {=IF(INDEX(Table2[],_xlfn.XMATCH($A21,Table2[Steel Member],0),_xlfn.XMATCH(Y$2,Table2[#Headers],0))=0,"",INDEX(Table2[],_xlfn.XMATCH($A21,Table2[Steel Member],0),_xlfn.XMATCH(Y$2,Table2[#Headers],0)))} -> "0 degrees" | Z21: {=IF(INDEX(Table2[],_xlfn.XMATCH($A21,Table2[Steel Member],0),_xlfn.XMATCH(Z$2,Table2[#Headers],0))=0,"",INDEX(Table2[],_xlfn.XMATCH($A21,Table2[Steel Member],0),_xlfn.XMATCH(Z$2,Table2[#Headers],0)))} | AA21: {=IF(INDEX(Table2[],_xlfn.XMATCH($A21,Table2[Steel Member],0),_xlfn.XMATCH(AA$2,Table2[#Headers],0))=0,"",INDEX(Table2[],_xlfn.XMATCH($A21,Table2[Steel Member],0),_xlfn.XMATCH(AA$2,Table2[#Headers],0)))} -> [Count] | AB21: {=IF(INDEX(Table2[],_xlfn.XMATCH($A21,Table2[Steel Member],0),_xlfn.XMATCH(AB$2,Table2[#Headers],0))=0,"",INDEX(Table2[],_xlfn.XMATCH($A21,Table2[Steel Member],0),_xlfn.XMATCH(AB$2,Table2[#Headers],0)))} -> [Length] | AC21: {=IFERROR(INDEX(Table8[],_xlfn.XMATCH($O21,Table8[Dimension Name Category],0),_xlfn.XMATCH(AC$2&IF($L21," w/ tag"," w/o tag"),Table8[#Headers],0)),"")} -> 4 | AD21: =IF(OR($AC21="",$AC21=0),"",IF($A21=Column,"{Length}*XNUMBER({Dimension Group Name},"&$AC21&")/1000","{Length}*XNUMBER({Dimension Group Name},"&$AC21&")/1000*{Slope Factor}")) -> {Length}*XNUMBER({Dimension Group Name},4)/1000*{Slope Factor} | AE21: =IF(AND(ISBLANK(B21),ISBLANK(C21)),"",IF($A21=Purlins_Girths_Bracings,"","Steel Surface Area")) -> Steel Surface Area | AF21: =IF(AND(ISBLANK(B21),ISBLANK(C21)),"",IF($A21=Purlins_Girths_Bracings,"","m2")) -> m2 | AG21: {=IFERROR(INDEX(Table8[],_xlfn.XMATCH($O21,Table8[Dimension Name Category],0),_xlfn.XMATCH(AG$2&IF($L21," w/ tag"," w/o tag"),Table8[#Headers],0)),"")} -> 5 | AH21: =IF(OR($AG21="",$AG21=0),"",IF($A21=Column,"{Length}*XNUMBER({Dimension Group Name},"&$AG21&")/1000","{Length}*XNUMBER({Dimension Group Name},"&$AG21&")/1000*{Slope Factor}")) -> {Length}*XNUMBER({Dimension Group Name},5)/1000*{Slope Factor} | AJ21: =IF(OR($A21=Column,$A21=""),"","Slope Length") -> Slope Length | AK21: =IF(OR($A21=Column,$A21=""),"","m") -> m | AL21: {=IF(INDEX(Table2[],_xlfn.XMATCH($A21,Table2[Steel Member],0),_xlfn.XMATCH(AL$2,Table2[#Headers],0))=0,"",INDEX(Table2[],_xlfn.XMATCH($A21,Table2[Steel Member],0),_xlfn.XMATCH(AL$2,Table2[#Headers],0)))} -> [Length]*{Slope Factor} | AN21: =IF(OR($A21=Column,$A21=""),"","Slope Factor") -> Slope Factor | AP21: {=IF(INDEX(Table2[],_xlfn.XMATCH($A21,Table2[Steel Member],0),_xlfn.XMATCH(AP$2,Table2[#Headers],0))=0,"",INDEX(Table2[],_xlfn.XMATCH($A21,Table2[Steel Member],0),_xlfn.XMATCH(AP$2,Table2[#Headers],0)))} -> 1/COS(RADIANS(XNUMBER({Dimension Name},1)))
A22: Framing | B22: B70c | C22: WB | D22: 700WB150 | F22: {=IF(COUNT(FIND(PurlinsxGirthsxBracings,$C22))>0,0,ROUNDUP(IF(D22=0,0,VLOOKUP(D22,'DATA SHEET'!$B:$D,2,FALSE)),2))} -> 150 | G22: {=IF(COUNT(FIND(PurlinsxGirthsxBracings,$C22))>0,0,ROUNDUP(IF(D22=0,0,VLOOKUP(D22,'DATA SHEET'!$B:$D,3,FALSE)),2))} -> 2400 | I22: {=IF(AND(ISBLANK(B22),ISBLANK(C22),ISBLANK(E22)),0,IF(COUNT(FIND(PurlinsxGirthsxBracings,$C22))>0,IF(B22=0,CONCATENATE(E22," ",C22),CONCATENATE(B22," - ",E22," ",C22)),IF(B22=0,IF(ISBLANK(C22),E22,CONCATENATE(D22,", ",F22,"kg/m, ",G22,"mm surface perimeter")),IF(AND(ISBLANK(C22),ISTEXT(E22)),CONCATENATE(B22," - ",E22),IF(AND(ISBLANK(C22),ISBLANK(E22)),B22,CONCATENATE(B22," - ",D22,", ",F22,"kg/m, ",G22,"mm surface perimeter"))))&IF(ISBLANK(H22),"",H22)))} -> B70c - 700WB150, 150kg/m, 2400mm surface perimeter | L22: {=IF(COUNT(FIND({0,1,2,3,4,5,6,7,8,9},B22))>0,COUNT(FIND({0,1,2,3,4,5,6,7,8,9},B22))>0,"")} -> TRUE | M22: {=IFERROR(_xlfn.IFS(R22="Count",RANDBETWEEN(1,COUNTIF($R$11:$R$653,"Count")),R22="Length",RANDBETWEEN(1,COUNTIF($R$11:$R$653,"Length"))),"")} -> 3 | N22: =IFERROR(_xlfn.RANK.EQ(M22,$M$11:$M$653)+COUNTIF($M$11:M22,M22)-1,"") -> 12 | O22: =IF(A22='DATA SHEET'!$L$36,C22,IFERROR(IF(AND(ISTEXT(I22),ISBLANK(C22)),"No details",VLOOKUP(C22,DimFolder,2,FALSE)),"")) -> CHS, UB, UC, WB, WC, BT, CT | P22: =IF(AND(ISBLANK(B22),ISBLANK(C22)),"",CONCATENATE("Structural\Structural Steel\",A22,"\",O22)) -> Structural\Structural Steel\Framing\CHS, UB, UC, WB, WC, BT, CT | Q22: =IF(AND(ISBLANK(B22),ISBLANK(C22)),"",I22) -> B70c - 700WB150, 150kg/m, 2400mm surface perimeter | R22: {=IF(INDEX(Table2[],_xlfn.XMATCH($A22,Table2[Steel Member],0),_xlfn.XMATCH(R$2,Table2[#Headers],0))=0,"",INDEX(Table2[],_xlfn.XMATCH($A22,Table2[Steel Member],0),_xlfn.XMATCH(R$2,Table2[#Headers],0)))} -> Length | S22: {=IF(INDEX(Table2[],_xlfn.XMATCH($A22,Table2[Steel Member],0),_xlfn.XMATCH(S$2,Table2[#Headers],0))=0,"",INDEX(Table2[],_xlfn.XMATCH($A22,Table2[Steel Member],0),_xlfn.XMATCH(S$2,Table2[#Headers],0)))} -> Weight | T22: =IF(AND(ISBLANK(B22),ISBLANK(C22)),"","t") -> t | U22: =VLOOKUP(N22,'COLOR CODE'!$B:$D,2,FALSE) -> 34,139,34 | V22: =IF(AND(ISBLANK(B22),ISBLANK(C22)),"","Red") -> Red | W22: {=IF(INDEX(Table2[],_xlfn.XMATCH($A22,Table2[Steel Member],0),_xlfn.XMATCH(W$2,Table2[#Headers],0))=0,"",INDEX(Table2[],_xlfn.XMATCH($A22,Table2[Steel Member],0),_xlfn.XMATCH(W$2,Table2[#Headers],0)))} | X22: =W22 | Y22: {=IF(INDEX(Table2[],_xlfn.XMATCH($A22,Table2[Steel Member],0),_xlfn.XMATCH(Y$2,Table2[#Headers],0))=0,"",INDEX(Table2[],_xlfn.XMATCH($A22,Table2[Steel Member],0),_xlfn.XMATCH(Y$2,Table2[#Headers],0)))} -> "0 degrees" | Z22: {=IF(INDEX(Table2[],_xlfn.XMATCH($A22,Table2[Steel Member],0),_xlfn.XMATCH(Z$2,Table2[#Headers],0))=0,"",INDEX(Table2[],_xlfn.XMATCH($A22,Table2[Steel Member],0),_xlfn.XMATCH(Z$2,Table2[#Headers],0)))} | AA22: {=IF(INDEX(Table2[],_xlfn.XMATCH($A22,Table2[Steel Member],0),_xlfn.XMATCH(AA$2,Table2[#Headers],0))=0,"",INDEX(Table2[],_xlfn.XMATCH($A22,Table2[Steel Member],0),_xlfn.XMATCH(AA$2,Table2[#Headers],0)))} -> [Count] | AB22: {=IF(INDEX(Table2[],_xlfn.XMATCH($A22,Table2[Steel Member],0),_xlfn.XMATCH(AB$2,Table2[#Headers],0))=0,"",INDEX(Table2[],_xlfn.XMATCH($A22,Table2[Steel Member],0),_xlfn.XMATCH(AB$2,Table2[#Headers],0)))} -> [Length] | AC22: {=IFERROR(INDEX(Table8[],_xlfn.XMATCH($O22,Table8[Dimension Name Category],0),_xlfn.XMATCH(AC$2&IF($L22," w/ tag"," w/o tag"),Table8[#Headers],0)),"")} -> 4 | AD22: =IF(OR($AC22="",$AC22=0),"",IF($A22=Column,"{Length}*XNUMBER({Dimension Group Name},"&$AC22&")/1000","{Length}*XNUMBER({Dimension Group Name},"&$AC22&")/1000*{Slope Factor}")) -> {Length}*XNUMBER({Dimension Group Name},4)/1000*{Slope Factor} | AE22: =IF(AND(ISBLANK(B22),ISBLANK(C22)),"",IF($A22=Purlins_Girths_Bracings,"","Steel Surface Area")) -> Steel Surface Area | AF22: =IF(AND(ISBLANK(B22),ISBLANK(C22)),"",IF($A22=Purlins_Girths_Bracings,"","m2")) -> m2 | AG22: {=IFERROR(INDEX(Table8[],_xlfn.XMATCH($O22,Table8[Dimension Name Category],0),_xlfn.XMATCH(AG$2&IF($L22," w/ tag"," w/o tag"),Table8[#Headers],0)),"")} -> 5 | AH22: =IF(OR($AG22="",$AG22=0),"",IF($A22=Column,"{Length}*XNUMBER({Dimension Group Name},"&$AG22&")/1000","{Length}*XNUMBER({Dimension Group Name},"&$AG22&")/1000*{Slope Factor}")) -> {Length}*XNUMBER({Dimension Group Name},5)/1000*{Slope Factor} | AJ22: =IF(OR($A22=Column,$A22=""),"","Slope Length") -> Slope Length | AK22: =IF(OR($A22=Column,$A22=""),"","m") -> m | AL22: {=IF(INDEX(Table2[],_xlfn.XMATCH($A22,Table2[Steel Member],0),_xlfn.XMATCH(AL$2,Table2[#Headers],0))=0,"",INDEX(Table2[],_xlfn.XMATCH($A22,Table2[Steel Member],0),_xlfn.XMATCH(AL$2,Table2[#Headers],0)))} -> [Length]*{Slope Factor} | AN22: =IF(OR($A22=Column,$A22=""),"","Slope Factor") -> Slope Factor | AP22: {=IF(INDEX(Table2[],_xlfn.XMATCH($A22,Table2[Steel Member],0),_xlfn.XMATCH(AP$2,Table2[#Headers],0))=0,"",INDEX(Table2[],_xlfn.XMATCH($A22,Table2[Steel Member],0),_xlfn.XMATCH(AP$2,Table2[#Headers],0)))} -> 1/COS(RADIANS(XNUMBER({Dimension Name},1)))
A23: Framing | B23: B70d | C23: WB | D23: 700WB173 | F23: {=IF(COUNT(FIND(PurlinsxGirthsxBracings,$C23))>0,0,ROUNDUP(IF(D23=0,0,VLOOKUP(D23,'DATA SHEET'!$B:$D,2,FALSE)),2))} -> 173 | G23: {=IF(COUNT(FIND(PurlinsxGirthsxBracings,$C23))>0,0,ROUNDUP(IF(D23=0,0,VLOOKUP(D23,'DATA SHEET'!$B:$D,3,FALSE)),2))} -> 2512 | I23: {=IF(AND(ISBLANK(B23),ISBLANK(C23),ISBLANK(E23)),0,IF(COUNT(FIND(PurlinsxGirthsxBracings,$C23))>0,IF(B23=0,CONCATENATE(E23," ",C23),CONCATENATE(B23," - ",E23," ",C23)),IF(B23=0,IF(ISBLANK(C23),E23,CONCATENATE(D23,", ",F23,"kg/m, ",G23,"mm surface perimeter")),IF(AND(ISBLANK(C23),ISTEXT(E23)),CONCATENATE(B23," - ",E23),IF(AND(ISBLANK(C23),ISBLANK(E23)),B23,CONCATENATE(B23," - ",D23,", ",F23,"kg/m, ",G23,"mm surface perimeter"))))&IF(ISBLANK(H23),"",H23)))} -> B70d - 700WB173, 173kg/m, 2512mm surface perimeter | L23: {=IF(COUNT(FIND({0,1,2,3,4,5,6,7,8,9},B23))>0,COUNT(FIND({0,1,2,3,4,5,6,7,8,9},B23))>0,"")} -> TRUE | M23: {=IFERROR(_xlfn.IFS(R23="Count",RANDBETWEEN(1,COUNTIF($R$11:$R$653,"Count")),R23="Length",RANDBETWEEN(1,COUNTIF($R$11:$R$653,"Length"))),"")} -> 7 | N23: =IFERROR(_xlfn.RANK.EQ(M23,$M$11:$M$653)+COUNTIF($M$11:M23,M23)-1,"") -> 8 | O23: =IF(A23='DATA SHEET'!$L$36,C23,IFERROR(IF(AND(ISTEXT(I23),ISBLANK(C23)),"No details",VLOOKUP(C23,DimFolder,2,FALSE)),"")) -> CHS, UB, UC, WB, WC, BT, CT | P23: =IF(AND(ISBLANK(B23),ISBLANK(C23)),"",CONCATENATE("Structural\Structural Steel\",A23,"\",O23)) -> Structural\Structural Steel\Framing\CHS, UB, UC, WB, WC, BT, CT | Q23: =IF(AND(ISBLANK(B23),ISBLANK(C23)),"",I23) -> B70d - 700WB173, 173kg/m, 2512mm surface perimeter | R23: {=IF(INDEX(Table2[],_xlfn.XMATCH($A23,Table2[Steel Member],0),_xlfn.XMATCH(R$2,Table2[#Headers],0))=0,"",INDEX(Table2[],_xlfn.XMATCH($A23,Table2[Steel Member],0),_xlfn.XMATCH(R$2,Table2[#Headers],0)))} -> Length | S23: {=IF(INDEX(Table2[],_xlfn.XMATCH($A23,Table2[Steel Member],0),_xlfn.XMATCH(S$2,Table2[#Headers],0))=0,"",INDEX(Table2[],_xlfn.XMATCH($A23,Table2[Steel Member],0),_xlfn.XMATCH(S$2,Table2[#Headers],0)))} -> Weight | T23: =IF(AND(ISBLANK(B23),ISBLANK(C23)),"","t") -> t | U23: =VLOOKUP(N23,'COLOR CODE'!$B:$D,2,FALSE) -> 0,191,255 | V23: =IF(AND(ISBLANK(B23),ISBLANK(C23)),"","Red") -> Red | W23: {=IF(INDEX(Table2[],_xlfn.XMATCH($A23,Table2[Steel Member],0),_xlfn.XMATCH(W$2,Table2[#Headers],0))=0,"",INDEX(Table2[],_xlfn.XMATCH($A23,Table2[Steel Member],0),_xlfn.XMATCH(W$2,Table2[#Headers],0)))} | X23: =W23 | Y23: {=IF(INDEX(Table2[],_xlfn.XMATCH($A23,Table2[Steel Member],0),_xlfn.XMATCH(Y$2,Table2[#Headers],0))=0,"",INDEX(Table2[],_xlfn.XMATCH($A23,Table2[Steel Member],0),_xlfn.XMATCH(Y$2,Table2[#Headers],0)))} -> "0 degrees" | Z23: {=IF(INDEX(Table2[],_xlfn.XMATCH($A23,Table2[Steel Member],0),_xlfn.XMATCH(Z$2,Table2[#Headers],0))=0,"",INDEX(Table2[],_xlfn.XMATCH($A23,Table2[Steel Member],0),_xlfn.XMATCH(Z$2,Table2[#Headers],0)))} | AA23: {=IF(INDEX(Table2[],_xlfn.XMATCH($A23,Table2[Steel Member],0),_xlfn.XMATCH(AA$2,Table2[#Headers],0))=0,"",INDEX(Table2[],_xlfn.XMATCH($A23,Table2[Steel Member],0),_xlfn.XMATCH(AA$2,Table2[#Headers],0)))} -> [Count] | AB23: {=IF(INDEX(Table2[],_xlfn.XMATCH($A23,Table2[Steel Member],0),_xlfn.XMATCH(AB$2,Table2[#Headers],0))=0,"",INDEX(Table2[],_xlfn.XMATCH($A23,Table2[Steel Member],0),_xlfn.XMATCH(AB$2,Table2[#Headers],0)))} -> [Length] | AC23: {=IFERROR(INDEX(Table8[],_xlfn.XMATCH($O23,Table8[Dimension Name Category],0),_xlfn.XMATCH(AC$2&IF($L23," w/ tag"," w/o tag"),Table8[#Headers],0)),"")} -> 4 | AD23: =IF(OR($AC23="",$AC23=0),"",IF($A23=Column,"{Length}*XNUMBER({Dimension Group Name},"&$AC23&")/1000","{Length}*XNUMBER({Dimension Group Name},"&$AC23&")/1000*{Slope Factor}")) -> {Length}*XNUMBER({Dimension Group Name},4)/1000*{Slope Factor} | AE23: =IF(AND(ISBLANK(B23),ISBLANK(C23)),"",IF($A23=Purlins_Girths_Bracings,"","Steel Surface Area")) -> Steel Surface Area | AF23: =IF(AND(ISBLANK(B23),ISBLANK(C23)),"",IF($A23=Purlins_Girths_Bracings,"","m2")) -> m2 | AG23: {=IFERROR(INDEX(Table8[],_xlfn.XMATCH($O23,Table8[Dimension Name Category],0),_xlfn.XMATCH(AG$2&IF($L23," w/ tag"," w/o tag"),Table8[#Headers],0)),"")} -> 5 | AH23: =IF(OR($AG23="",$AG23=0),"",IF($A23=Column,"{Length}*XNUMBER({Dimension Group Name},"&$AG23&")/1000","{Length}*XNUMBER({Dimension Group Name},"&$AG23&")/1000*{Slope Factor}")) -> {Length}*XNUMBER({Dimension Group Name},5)/1000*{Slope Factor} | AJ23: =IF(OR($A23=Column,$A23=""),"","Slope Length") -> Slope Length | AK23: =IF(OR($A23=Column,$A23=""),"","m") -> m | AL23: {=IF(INDEX(Table2[],_xlfn.XMATCH($A23,Table2[Steel Member],0),_xlfn.XMATCH(AL$2,Table2[#Headers],0))=0,"",INDEX(Table2[],_xlfn.XMATCH($A23,Table2[Steel Member],0),_xlfn.XMATCH(AL$2,Table2[#Headers],0)))} -> [Length]*{Slope Factor} | AN23: =IF(OR($A23=Column,$A23=""),"","Slope Factor") -> Slope Factor | AP23: {=IF(INDEX(Table2[],_xlfn.XMATCH($A23,Table2[Steel Member],0),_xlfn.XMATCH(AP$2,Table2[#Headers],0))=0,"",INDEX(Table2[],_xlfn.XMATCH($A23,Table2[Steel Member],0),_xlfn.XMATCH(AP$2,Table2[#Headers],0)))} -> 1/COS(RADIANS(XNUMBER({Dimension Name},1)))
... A25: Framing | B25: B90d | C25: WB | D25: 900WB282 | F25: {=IF(COUNT(FIND(PurlinsxGirthsxBracings,$C25))>0,0,ROUNDUP(IF(D25=0,0,VLOOKUP(D25,'DATA SHEET'!$B:$D,2,FALSE)),2))} -> 282 | G25: {=IF(COUNT(FIND(PurlinsxGirthsxBracings,$C25))>0,0,ROUNDUP(IF(D25=0,0,VLOOKUP(D25,'DATA SHEET'!$B:$D,3,FALSE)),2))} -> 3424 | I25: {=IF(AND(ISBLANK(B25),ISBLANK(C25),ISBLANK(E25)),0,IF(COUNT(FIND(PurlinsxGirthsxBracings,$C25))>0,IF(B25=0,CONCATENATE(E25," ",C25),CONCATENATE(B25," - ",E25," ",C25)),IF(B25=0,IF(ISBLANK(C25),E25,CONCATENATE(D25,", ",F25,"kg/m, ",G25,"mm surface perimeter")),IF(AND(ISBLANK(C25),ISTEXT(E25)),CONCATENATE(B25," - ",E25),IF(AND(ISBLANK(C25),ISBLANK(E25)),B25,CONCATENATE(B25," - ",D25,", ",F25,"kg/m, ",G25,"mm surface perimeter"))))&IF(ISBLANK(H25),"",H25)))} -> B90d - 900WB282, 282kg/m, 3424mm surface perimeter | L25: {=IF(COUNT(FIND({0,1,2,3,4,5,6,7,8,9},B25))>0,COUNT(FIND({0,1,2,3,4,5,6,7,8,9},B25))>0,"")} -> TRUE | M25: {=IFERROR(_xlfn.IFS(R25="Count",RANDBETWEEN(1,COUNTIF($R$11:$R$653,"Count")),R25="Length",RANDBETWEEN(1,COUNTIF($R$11:$R$653,"Length"))),"")} -> 2 | N25: =IFERROR(_xlfn.RANK.EQ(M25,$M$11:$M$653)+COUNTIF($M$11:M25,M25)-1,"") -> 14 | O25: =IF(A25='DATA SHEET'!$L$36,C25,IFERROR(IF(AND(ISTEXT(I25),ISBLANK(C25)),"No details",VLOOKUP(C25,DimFolder,2,FALSE)),"")) -> CHS, UB, UC, WB, WC, BT, CT | P25: =IF(AND(ISBLANK(B25),ISBLANK(C25)),"",CONCATENATE("Structural\Structural Steel\",A25,"\",O25)) -> Structural\Structural Steel\Framing\CHS, UB, UC, WB, WC, BT, CT | Q25: =IF(AND(ISBLANK(B25),ISBLANK(C25)),"",I25) -> B90d - 900WB282, 282kg/m, 3424mm surface perimeter | R25: {=IF(INDEX(Table2[],_xlfn.XMATCH($A25,Table2[Steel Member],0),_xlfn.XMATCH(R$2,Table2[#Headers],0))=0,"",INDEX(Table2[],_xlfn.XMATCH($A25,Table2[Steel Member],0),_xlfn.XMATCH(R$2,Table2[#Headers],0)))} -> Length | S25: {=IF(INDEX(Table2[],_xlfn.XMATCH($A25,Table2[Steel Member],0),_xlfn.XMATCH(S$2,Table2[#Headers],0))=0,"",INDEX(Table2[],_xlfn.XMATCH($A25,Table2[Steel Member],0),_xlfn.XMATCH(S$2,Table2[#Headers],0)))} -> Weight | T25: =IF(AND(ISBLANK(B25),ISBLANK(C25)),"","t") -> t | U25: =VLOOKUP(N25,'COLOR CODE'!$B:$D,2,FALSE) -> 210,180,140 | V25: =IF(AND(ISBLANK(B25),ISBLANK(C25)),"","Red") -> Red | W25: {=IF(INDEX(Table2[],_xlfn.XMATCH($A25,Table2[Steel Member],0),_xlfn.XMATCH(W$2,Table2[#Headers],0))=0,"",INDEX(Table2[],_xlfn.XMATCH($A25,Table2[Steel Member],0),_xlfn.XMATCH(W$2,Table2[#Headers],0)))} | X25: =W25 | Y25: {=IF(INDEX(Table2[],_xlfn.XMATCH($A25,Table2[Steel Member],0),_xlfn.XMATCH(Y$2,Table2[#Headers],0))=0,"",INDEX(Table2[],_xlfn.XMATCH($A25,Table2[Steel Member],0),_xlfn.XMATCH(Y$2,Table2[#Headers],0)))} -> "0 degrees" | Z25: {=IF(INDEX(Table2[],_xlfn.XMATCH($A25,Table2[Steel Member],0),_xlfn.XMATCH(Z$2,Table2[#Headers],0))=0,"",INDEX(Table2[],_xlfn.XMATCH($A25,Table2[Steel Member],0),_xlfn.XMATCH(Z$2,Table2[#Headers],0)))} | AA25: {=IF(INDEX(Table2[],_xlfn.XMATCH($A25,Table2[Steel Member],0),_xlfn.XMATCH(AA$2,Table2[#Headers],0))=0,"",INDEX(Table2[],_xlfn.XMATCH($A25,Table2[Steel Member],0),_xlfn.XMATCH(AA$2,Table2[#Headers],0)))} -> [Count] | AB25: {=IF(INDEX(Table2[],_xlfn.XMATCH($A25,Table2[Steel Member],0),_xlfn.XMATCH(AB$2,Table2[#Headers],0))=0,"",INDEX(Table2[],_xlfn.XMATCH($A25,Table2[Steel Member],0),_xlfn.XMATCH(AB$2,Table2[#Headers],0)))} -> [Length] | AC25: {=IFERROR(INDEX(Table8[],_xlfn.XMATCH($O25,Table8[Dimension Name Category],0),_xlfn.XMATCH(AC$2&IF($L25," w/ tag"," w/o tag"),Table8[#Headers],0)),"")} -> 4 | AD25: =IF(OR($AC25="",$AC25=0),"",IF($A25=Column,"{Length}*XNUMBER({Dimension Group Name},"&$AC25&")/1000","{Length}*XNUMBER({Dimension Group Name},"&$AC25&")/1000*{Slope Factor}")) -> {Length}*XNUMBER({Dimension Group Name},4)/1000*{Slope Factor} | AE25: =IF(AND(ISBLANK(B25),ISBLANK(C25)),"",IF($A25=Purlins_Girths_Bracings,"","Steel Surface Area")) -> Steel Surface Area | AF25: =IF(AND(ISBLANK(B25),ISBLANK(C25)),"",IF($A25=Purlins_Girths_Bracings,"","m2")) -> m2 | AG25: {=IFERROR(INDEX(Table8[],_xlfn.XMATCH($O25,Table8[Dimension Name Category],0),_xlfn.XMATCH(AG$2&IF($L25," w/ tag"," w/o tag"),Table8[#Headers],0)),"")} -> 5 | AH25: =IF(OR($AG25="",$AG25=0),"",IF($A25=Column,"{Length}*XNUMBER({Dimension Group Name},"&$AG25&")/1000","{Length}*XNUMBER({Dimension Group Name},"&$AG25&")/1000*{Slope Factor}")) -> {Length}*XNUMBER({Dimension Group Name},5)/1000*{Slope Factor} | AJ25: =IF(OR($A25=Column,$A25=""),"","Slope Length") -> Slope Length | AK25: =IF(OR($A25=Column,$A25=""),"","m") -> m | AL25: {=IF(INDEX(Table2[],_xlfn.XMATCH($A25,Table2[Steel Member],0),_xlfn.XMATCH(AL$2,Table2[#Headers],0))=0,"",INDEX(Table2[],_xlfn.XMATCH($A25,Table2[Steel Member],0),_xlfn.XMATCH(AL$2,Table2[#Headers],0)))} -> [Length]*{Slope Factor} | AN25: =IF(OR($A25=Column,$A25=""),"","Slope Factor") -> Slope Factor | AP25: {=IF(INDEX(Table2[],_xlfn.XMATCH($A25,Table2[Steel Member],0),_xlfn.XMATCH(AP$2,Table2[#Headers],0))=0,"",INDEX(Table2[],_xlfn.XMATCH($A25,Table2[Steel Member],0),_xlfn.XMATCH(AP$2,Table2[#Headers],0)))} -> 1/COS(RADIANS(XNUMBER({Dimension Name},1)))
A26: Purlins, Girths and Bracings | B26: CWB65b | E26: CUSTOM_650_F50_W50 | F26: {=IF(COUNT(FIND(PurlinsxGirthsxBracings,$C26))>0,0,ROUNDUP(IF(D26=0,0,VLOOKUP(D26,'DATA SHEET'!$B:$D,2,FALSE)),2))} -> 0 | G26: {=IF(COUNT(FIND(PurlinsxGirthsxBracings,$C26))>0,0,ROUNDUP(IF(D26=0,0,VLOOKUP(D26,'DATA SHEET'!$B:$D,3,FALSE)),2))} -> 0 | H26: ; Steel Grade: 400PLUS | I26: {=IF(AND(ISBLANK(B26),ISBLANK(C26),ISBLANK(E26)),0,IF(COUNT(FIND(PurlinsxGirthsxBracings,$C26))>0,IF(B26=0,CONCATENATE(E26," ",C26),CONCATENATE(B26," - ",E26," ",C26)),IF(B26=0,IF(ISBLANK(C26),E26,CONCATENATE(D26,", ",F26,"kg/m, ",G26,"mm surface perimeter")),IF(AND(ISBLANK(C26),ISTEXT(E26)),CONCATENATE(B26," - ",E26),IF(AND(ISBLANK(C26),ISBLANK(E26)),B26,CONCATENATE(B26," - ",D26,", ",F26,"kg/m, ",G26,"mm surface perimeter"))))&IF(ISBLANK(H26),"",H26)))} -> CWB65b - CUSTOM_650_F50_W50; Steel Grade: 400PLUS | L26: {=IF(COUNT(FIND({0,1,2,3,4,5,6,7,8,9},B26))>0,COUNT(FIND({0,1,2,3,4,5,6,7,8,9},B26))>0,"")} -> TRUE | M26: {=IFERROR(_xlfn.IFS(R26="Count",RANDBETWEEN(1,COUNTIF($R$11:$R$653,"Count")),R26="Length",RANDBETWEEN(1,COUNTIF($R$11:$R$653,"Length"))),"")} | N26: =IFERROR(_xlfn.RANK.EQ(M26,$M$11:$M$653)+COUNTIF($M$11:M26,M26)-1,"") | O26: =IF(A26='DATA SHEET'!$L$36,C26,IFERROR(IF(AND(ISTEXT(I26),ISBLANK(C26)),"No details",VLOOKUP(C26,DimFolder,2,FALSE)),"")) -> No details | P26: =IF(AND(ISBLANK(B26),ISBLANK(C26)),"",CONCATENATE("Structural\Structural Steel\",A26,"\",O26)) -> Structural\Structural Steel\Purlins, Girths and Bracings\No details | Q26: =IF(AND(ISBLANK(B26),ISBLANK(C26)),"",I26) -> CWB65b - CUSTOM_650_F50_W50; Steel Grade: 400PLUS | R26: {=IF(INDEX(Table2[],_xlfn.XMATCH($A26,Table2[Steel Member],0),_xlfn.XMATCH(R$2,Table2[#Headers],0))=0,"",INDEX(Table2[],_xlfn.XMATCH($A26,Table2[Steel Member],0),_xlfn.XMATCH(R$2,Table2[#Headers],0)))} -> #N/A | S26: {=IF(INDEX(Table2[],_xlfn.XMATCH($A26,Table2[Steel Member],0),_xlfn.XMATCH(S$2,Table2[#Headers],0))=0,"",INDEX(Table2[],_xlfn.XMATCH($A26,Table2[Steel Member],0),_xlfn.XMATCH(S$2,Table2[#Headers],0)))} -> #N/A | T26: =IF(AND(ISBLANK(B26),ISBLANK(C26)),"","t") -> t | U26: =VLOOKUP(N26,'COLOR CODE'!$B:$D,2,FALSE) -> #N/A | V26: =IF(AND(ISBLANK(B26),ISBLANK(C26)),"","Red") -> Red | W26: {=IF(INDEX(Table2[],_xlfn.XMATCH($A26,Table2[Steel Member],0),_xlfn.XMATCH(W$2,Table2[#Headers],0))=0,"",INDEX(Table2[],_xlfn.XMATCH($A26,Table2[Steel Member],0),_xlfn.XMATCH(W$2,Table2[#Headers],0)))} -> #N/A | X26: =W26 -> #N/A | Y26: {=IF(INDEX(Table2[],_xlfn.XMATCH($A26,Table2[Steel Member],0),_xlfn.XMATCH(Y$2,Table2[#Headers],0))=0,"",INDEX(Table2[],_xlfn.XMATCH($A26,Table2[Steel Member],0),_xlfn.XMATCH(Y$2,Table2[#Headers],0)))} -> #N/A | Z26: {=IF(INDEX(Table2[],_xlfn.XMATCH($A26,Table2[Steel Member],0),_xlfn.XMATCH(Z$2,Table2[#Headers],0))=0,"",INDEX(Table2[],_xlfn.XMATCH($A26,Table2[Steel Member],0),_xlfn.XMATCH(Z$2,Table2[#Headers],0)))} -> #N/A | AA26: {=IF(INDEX(Table2[],_xlfn.XMATCH($A26,Table2[Steel Member],0),_xlfn.XMATCH(AA$2,Table2[#Headers],0))=0,"",INDEX(Table2[],_xlfn.XMATCH($A26,Table2[Steel Member],0),_xlfn.XMATCH(AA$2,Table2[#Headers],0)))} -> #N/A | AB26: {=IF(INDEX(Table2[],_xlfn.XMATCH($A26,Table2[Steel Member],0),_xlfn.XMATCH(AB$2,Table2[#Headers],0))=0,"",INDEX(Table2[],_xlfn.XMATCH($A26,Table2[Steel Member],0),_xlfn.XMATCH(AB$2,Table2[#Headers],0)))} -> #N/A | AC26: {=IFERROR(INDEX(Table8[],_xlfn.XMATCH($O26,Table8[Dimension Name Category],0),_xlfn.XMATCH(AC$2&IF($L26," w/ tag"," w/o tag"),Table8[#Headers],0)),"")} | AD26: =IF(OR($AC26="",$AC26=0),"",IF($A26=Column,"{Length}*XNUMBER({Dimension Group Name},"&$AC26&")/1000","{Length}*XNUMBER({Dimension Group Name},"&$AC26&")/1000*{Slope Factor}")) | AE26: =IF(AND(ISBLANK(B26),ISBLANK(C26)),"",IF($A26=Purlins_Girths_Bracings,"","Steel Surface Area")) -> Steel Surface Area | AF26: =IF(AND(ISBLANK(B26),ISBLANK(C26)),"",IF($A26=Purlins_Girths_Bracings,"","m2")) -> m2 | AG26: {=IFERROR(INDEX(Table8[],_xlfn.XMATCH($O26,Table8[Dimension Name Category],0),_xlfn.XMATCH(AG$2&IF($L26," w/ tag"," w/o tag"),Table8[#Headers],0)),"")} | AH26: =IF(OR($AG26="",$AG26=0),"",IF($A26=Column,"{Length}*XNUMBER({Dimension Group Name},"&$AG26&")/1000","{Length}*XNUMBER({Dimension Group Name},"&$AG26&")/1000*{Slope Factor}")) | AJ26: =IF(OR($A26=Column,$A26=""),"","Slope Length") -> Slope Length | AK26: =IF(OR($A26=Column,$A26=""),"","m") -> m | AL26: {=IF(INDEX(Table2[],_xlfn.XMATCH($A26,Table2[Steel Member],0),_xlfn.XMATCH(AL$2,Table2[#Headers],0))=0,"",INDEX(Table2[],_xlfn.XMATCH($A26,Table2[Steel Member],0),_xlfn.XMATCH(AL$2,Table2[#Headers],0)))} -> #N/A | AN26: =IF(OR($A26=Column,$A26=""),"","Slope Factor") -> Slope Factor | AP26: {=IF(INDEX(Table2[],_xlfn.XMATCH($A26,Table2[Steel Member],0),_xlfn.XMATCH(AP$2,Table2[#Headers],0))=0,"",INDEX(Table2[],_xlfn.XMATCH($A26,Table2[Steel Member],0),_xlfn.XMATCH(AP$2,Table2[#Headers],0)))} -> #N/A
A27: Purlins, Girths and Bracings | B27: CWB70c | E27: CUSTOM_700_F28_W10 | F27: {=IF(COUNT(FIND(PurlinsxGirthsxBracings,$C27))>0,0,ROUNDUP(IF(D27=0,0,VLOOKUP(D27,'DATA SHEET'!$B:$D,2,FALSE)),2))} -> 0 | G27: {=IF(COUNT(FIND(PurlinsxGirthsxBracings,$C27))>0,0,ROUNDUP(IF(D27=0,0,VLOOKUP(D27,'DATA SHEET'!$B:$D,3,FALSE)),2))} -> 0 | H27: ; Steel Grade: 400PLUS | I27: {=IF(AND(ISBLANK(B27),ISBLANK(C27),ISBLANK(E27)),0,IF(COUNT(FIND(PurlinsxGirthsxBracings,$C27))>0,IF(B27=0,CONCATENATE(E27," ",C27),CONCATENATE(B27," - ",E27," ",C27)),IF(B27=0,IF(ISBLANK(C27),E27,CONCATENATE(D27,", ",F27,"kg/m, ",G27,"mm surface perimeter")),IF(AND(ISBLANK(C27),ISTEXT(E27)),CONCATENATE(B27," - ",E27),IF(AND(ISBLANK(C27),ISBLANK(E27)),B27,CONCATENATE(B27," - ",D27,", ",F27,"kg/m, ",G27,"mm surface perimeter"))))&IF(ISBLANK(H27),"",H27)))} -> CWB70c - CUSTOM_700_F28_W10; Steel Grade: 400PLUS | L27: {=IF(COUNT(FIND({0,1,2,3,4,5,6,7,8,9},B27))>0,COUNT(FIND({0,1,2,3,4,5,6,7,8,9},B27))>0,"")} -> TRUE | M27: {=IFERROR(_xlfn.IFS(R27="Count",RANDBETWEEN(1,COUNTIF($R$11:$R$653,"Count")),R27="Length",RANDBETWEEN(1,COUNTIF($R$11:$R$653,"Length"))),"")} | N27: =IFERROR(_xlfn.RANK.EQ(M27,$M$11:$M$653)+COUNTIF($M$11:M27,M27)-1,"") | O27: =IF(A27='DATA SHEET'!$L$36,C27,IFERROR(IF(AND(ISTEXT(I27),ISBLANK(C27)),"No details",VLOOKUP(C27,DimFolder,2,FALSE)),"")) -> No details | P27: =IF(AND(ISBLANK(B27),ISBLANK(C27)),"",CONCATENATE("Structural\Structural Steel\",A27,"\",O27)) -> Structural\Structural Steel\Purlins, Girths and Bracings\No details | Q27: =IF(AND(ISBLANK(B27),ISBLANK(C27)),"",I27) -> CWB70c - CUSTOM_700_F28_W10; Steel Grade: 400PLUS | R27: {=IF(INDEX(Table2[],_xlfn.XMATCH($A27,Table2[Steel Member],0),_xlfn.XMATCH(R$2,Table2[#Headers],0))=0,"",INDEX(Table2[],_xlfn.XMATCH($A27,Table2[Steel Member],0),_xlfn.XMATCH(R$2,Table2[#Headers],0)))} -> #N/A | S27: {=IF(INDEX(Table2[],_xlfn.XMATCH($A27,Table2[Steel Member],0),_xlfn.XMATCH(S$2,Table2[#Headers],0))=0,"",INDEX(Table2[],_xlfn.XMATCH($A27,Table2[Steel Member],0),_xlfn.XMATCH(S$2,Table2[#Headers],0)))} -> #N/A | T27: =IF(AND(ISBLANK(B27),ISBLANK(C27)),"","t") -> t | U27: =VLOOKUP(N27,'COLOR CODE'!$B:$D,2,FALSE) -> #N/A | V27: =IF(AND(ISBLANK(B27),ISBLANK(C27)),"","Red") -> Red | W27: {=IF(INDEX(Table2[],_xlfn.XMATCH($A27,Table2[Steel Member],0),_xlfn.XMATCH(W$2,Table2[#Headers],0))=0,"",INDEX(Table2[],_xlfn.XMATCH($A27,Table2[Steel Member],0),_xlfn.XMATCH(W$2,Table2[#Headers],0)))} -> #N/A | X27: =W27 -> #N/A | Y27: {=IF(INDEX(Table2[],_xlfn.XMATCH($A27,Table2[Steel Member],0),_xlfn.XMATCH(Y$2,Table2[#Headers],0))=0,"",INDEX(Table2[],_xlfn.XMATCH($A27,Table2[Steel Member],0),_xlfn.XMATCH(Y$2,Table2[#Headers],0)))} -> #N/A | Z27: {=IF(INDEX(Table2[],_xlfn.XMATCH($A27,Table2[Steel Member],0),_xlfn.XMATCH(Z$2,Table2[#Headers],0))=0,"",INDEX(Table2[],_xlfn.XMATCH($A27,Table2[Steel Member],0),_xlfn.XMATCH(Z$2,Table2[#Headers],0)))} -> #N/A | AA27: {=IF(INDEX(Table2[],_xlfn.XMATCH($A27,Table2[Steel Member],0),_xlfn.XMATCH(AA$2,Table2[#Headers],0))=0,"",INDEX(Table2[],_xlfn.XMATCH($A27,Table2[Steel Member],0),_xlfn.XMATCH(AA$2,Table2[#Headers],0)))} -> #N/A | AB27: {=IF(INDEX(Table2[],_xlfn.XMATCH($A27,Table2[Steel Member],0),_xlfn.XMATCH(AB$2,Table2[#Headers],0))=0,"",INDEX(Table2[],_xlfn.XMATCH($A27,Table2[Steel Member],0),_xlfn.XMATCH(AB$2,Table2[#Headers],0)))} -> #N/A | AC27: {=IFERROR(INDEX(Table8[],_xlfn.XMATCH($O27,Table8[Dimension Name Category],0),_xlfn.XMATCH(AC$2&IF($L27," w/ tag"," w/o tag"),Table8[#Headers],0)),"")} | AD27: =IF(OR($AC27="",$AC27=0),"",IF($A27=Column,"{Length}*XNUMBER({Dimension Group Name},"&$AC27&")/1000","{Length}*XNUMBER({Dimension Group Name},"&$AC27&")/1000*{Slope Factor}")) | AE27: =IF(AND(ISBLANK(B27),ISBLANK(C27)),"",IF($A27=Purlins_Girths_Bracings,"","Steel Surface Area")) -> Steel Surface Area | AF27: =IF(AND(ISBLANK(B27),ISBLANK(C27)),"",IF($A27=Purlins_Girths_Bracings,"","m2")) -> m2 | AG27: {=IFERROR(INDEX(Table8[],_xlfn.XMATCH($O27,Table8[Dimension Name Category],0),_xlfn.XMATCH(AG$2&IF($L27," w/ tag"," w/o tag"),Table8[#Headers],0)),"")} | AH27: =IF(OR($AG27="",$AG27=0),"",IF($A27=Column,"{Length}*XNUMBER({Dimension Group Name},"&$AG27&")/1000","{Length}*XNUMBER({Dimension Group Name},"&$AG27&")/1000*{Slope Factor}")) | AJ27: =IF(OR($A27=Column,$A27=""),"","Slope Length") -> Slope Length | AK27: =IF(OR($A27=Column,$A27=""),"","m") -> m | AL27: {=IF(INDEX(Table2[],_xlfn.XMATCH($A27,Table2[Steel Member],0),_xlfn.XMATCH(AL$2,Table2[#Headers],0))=0,"",INDEX(Table2[],_xlfn.XMATCH($A27,Table2[Steel Member],0),_xlfn.XMATCH(AL$2,Table2[#Headers],0)))} -> #N/A | AN27: =IF(OR($A27=Column,$A27=""),"","Slope Factor") -> Slope Factor | AP27: {=IF(INDEX(Table2[],_xlfn.XMATCH($A27,Table2[Steel Member],0),_xlfn.XMATCH(AP$2,Table2[#Headers],0))=0,"",INDEX(Table2[],_xlfn.XMATCH($A27,Table2[Steel Member],0),_xlfn.XMATCH(AP$2,Table2[#Headers],0)))} -> #N/A
A28: Purlins, Girths and Bracings | B28: CWB70j | E28: CUSTOM_700_F50_W20 | F28: {=IF(COUNT(FIND(PurlinsxGirthsxBracings,$C28))>0,0,ROUNDUP(IF(D28=0,0,VLOOKUP(D28,'DATA SHEET'!$B:$D,2,FALSE)),2))} -> 0 | G28: {=IF(COUNT(FIND(PurlinsxGirthsxBracings,$C28))>0,0,ROUNDUP(IF(D28=0,0,VLOOKUP(D28,'DATA SHEET'!$B:$D,3,FALSE)),2))} -> 0 | H28: ; Steel Grade: 400PLUS | I28: {=IF(AND(ISBLANK(B28),ISBLANK(C28),ISBLANK(E28)),0,IF(COUNT(FIND(PurlinsxGirthsxBracings,$C28))>0,IF(B28=0,CONCATENATE(E28," ",C28),CONCATENATE(B28," - ",E28," ",C28)),IF(B28=0,IF(ISBLANK(C28),E28,CONCATENATE(D28,", ",F28,"kg/m, ",G28,"mm surface perimeter")),IF(AND(ISBLANK(C28),ISTEXT(E28)),CONCATENATE(B28," - ",E28),IF(AND(ISBLANK(C28),ISBLANK(E28)),B28,CONCATENATE(B28," - ",D28,", ",F28,"kg/m, ",G28,"mm surface perimeter"))))&IF(ISBLANK(H28),"",H28)))} -> CWB70j - CUSTOM_700_F50_W20; Steel Grade: 400PLUS | L28: {=IF(COUNT(FIND({0,1,2,3,4,5,6,7,8,9},B28))>0,COUNT(FIND({0,1,2,3,4,5,6,7,8,9},B28))>0,"")} -> TRUE | M28: {=IFERROR(_xlfn.IFS(R28="Count",RANDBETWEEN(1,COUNTIF($R$11:$R$653,"Count")),R28="Length",RANDBETWEEN(1,COUNTIF($R$11:$R$653,"Length"))),"")} | N28: =IFERROR(_xlfn.RANK.EQ(M28,$M$11:$M$653)+COUNTIF($M$11:M28,M28)-1,"") | O28: =IF(A28='DATA SHEET'!$L$36,C28,IFERROR(IF(AND(ISTEXT(I28),ISBLANK(C28)),"No details",VLOOKUP(C28,DimFolder,2,FALSE)),"")) -> No details | P28: =IF(AND(ISBLANK(B28),ISBLANK(C28)),"",CONCATENATE("Structural\Structural Steel\",A28,"\",O28)) -> Structural\Structural Steel\Purlins, Girths and Bracings\No details | Q28: =IF(AND(ISBLANK(B28),ISBLANK(C28)),"",I28) -> CWB70j - CUSTOM_700_F50_W20; Steel Grade: 400PLUS | R28: {=IF(INDEX(Table2[],_xlfn.XMATCH($A28,Table2[Steel Member],0),_xlfn.XMATCH(R$2,Table2[#Headers],0))=0,"",INDEX(Table2[],_xlfn.XMATCH($A28,Table2[Steel Member],0),_xlfn.XMATCH(R$2,Table2[#Headers],0)))} -> #N/A | S28: {=IF(INDEX(Table2[],_xlfn.XMATCH($A28,Table2[Steel Member],0),_xlfn.XMATCH(S$2,Table2[#Headers],0))=0,"",INDEX(Table2[],_xlfn.XMATCH($A28,Table2[Steel Member],0),_xlfn.XMATCH(S$2,Table2[#Headers],0)))} -> #N/A | T28: =IF(AND(ISBLANK(B28),ISBLANK(C28)),"","t") -> t | U28: =VLOOKUP(N28,'COLOR CODE'!$B:$D,2,FALSE) -> #N/A | V28: =IF(AND(ISBLANK(B28),ISBLANK(C28)),"","Red") -> Red | W28: {=IF(INDEX(Table2[],_xlfn.XMATCH($A28,Table2[Steel Member],0),_xlfn.XMATCH(W$2,Table2[#Headers],0))=0,"",INDEX(Table2[],_xlfn.XMATCH($A28,Table2[Steel Member],0),_xlfn.XMATCH(W$2,Table2[#Headers],0)))} -> #N/A | X28: =W28 -> #N/A | Y28: {=IF(INDEX(Table2[],_xlfn.XMATCH($A28,Table2[Steel Member],0),_xlfn.XMATCH(Y$2,Table2[#Headers],0))=0,"",INDEX(Table2[],_xlfn.XMATCH($A28,Table2[Steel Member],0),_xlfn.XMATCH(Y$2,Table2[#Headers],0)))} -> #N/A | Z28: {=IF(INDEX(Table2[],_xlfn.XMATCH($A28,Table2[Steel Member],0),_xlfn.XMATCH(Z$2,Table2[#Headers],0))=0,"",INDEX(Table2[],_xlfn.XMATCH($A28,Table2[Steel Member],0),_xlfn.XMATCH(Z$2,Table2[#Headers],0)))} -> #N/A | AA28: {=IF(INDEX(Table2[],_xlfn.XMATCH($A28,Table2[Steel Member],0),_xlfn.XMATCH(AA$2,Table2[#Headers],0))=0,"",INDEX(Table2[],_xlfn.XMATCH($A28,Table2[Steel Member],0),_xlfn.XMATCH(AA$2,Table2[#Headers],0)))} -> #N/A | AB28: {=IF(INDEX(Table2[],_xlfn.XMATCH($A28,Table2[Steel Member],0),_xlfn.XMATCH(AB$2,Table2[#Headers],0))=0,"",INDEX(Table2[],_xlfn.XMATCH($A28,Table2[Steel Member],0),_xlfn.XMATCH(AB$2,Table2[#Headers],0)))} -> #N/A | AC28: {=IFERROR(INDEX(Table8[],_xlfn.XMATCH($O28,Table8[Dimension Name Category],0),_xlfn.XMATCH(AC$2&IF($L28," w/ tag"," w/o tag"),Table8[#Headers],0)),"")} | AD28: =IF(OR($AC28="",$AC28=0),"",IF($A28=Column,"{Length}*XNUMBER({Dimension Group Name},"&$AC28&")/1000","{Length}*XNUMBER({Dimension Group Name},"&$AC28&")/1000*{Slope Factor}")) | AE28: =IF(AND(ISBLANK(B28),ISBLANK(C28)),"",IF($A28=Purlins_Girths_Bracings,"","Steel Surface Area")) -> Steel Surface Area | AF28: =IF(AND(ISBLANK(B28),ISBLANK(C28)),"",IF($A28=Purlins_Girths_Bracings,"","m2")) -> m2 | AG28: {=IFERROR(INDEX(Table8[],_xlfn.XMATCH($O28,Table8[Dimension Name Category],0),_xlfn.XMATCH(AG$2&IF($L28," w/ tag"," w/o tag"),Table8[#Headers],0)),"")} | AH28: =IF(OR($AG28="",$AG28=0),"",IF($A28=Column,"{Length}*XNUMBER({Dimension Group Name},"&$AG28&")/1000","{Length}*XNUMBER({Dimension Group Name},"&$AG28&")/1000*{Slope Factor}")) | AJ28: =IF(OR($A28=Column,$A28=""),"","Slope Length") -> Slope Length | AK28: =IF(OR($A28=Column,$A28=""),"","m") -> m | AL28: {=IF(INDEX(Table2[],_xlfn.XMATCH($A28,Table2[Steel Member],0),_xlfn.XMATCH(AL$2,Table2[#Headers],0))=0,"",INDEX(Table2[],_xlfn.XMATCH($A28,Table2[Steel Member],0),_xlfn.XMATCH(AL$2,Table2[#Headers],0)))} -> #N/A | AN28: =IF(OR($A28=Column,$A28=""),"","Slope Factor") -> Slope Factor | AP28: {=IF(INDEX(Table2[],_xlfn.XMATCH($A28,Table2[Steel Member],0),_xlfn.XMATCH(AP$2,Table2[#Headers],0))=0,"",INDEX(Table2[],_xlfn.XMATCH($A28,Table2[Steel Member],0),_xlfn.XMATCH(AP$2,Table2[#Headers],0)))} -> #N/A
A29: Purlins, Girths and Bracings | B29: CWB70k | E29: CUSTOM_700_F50_W30 | F29: {=IF(COUNT(FIND(PurlinsxGirthsxBracings,$C29))>0,0,ROUNDUP(IF(D29=0,0,VLOOKUP(D29,'DATA SHEET'!$B:$D,2,FALSE)),2))} -> 0 | G29: {=IF(COUNT(FIND(PurlinsxGirthsxBracings,$C29))>0,0,ROUNDUP(IF(D29=0,0,VLOOKUP(D29,'DATA SHEET'!$B:$D,3,FALSE)),2))} -> 0 | H29: ; Steel Grade: 400PLUS | I29: {=IF(AND(ISBLANK(B29),ISBLANK(C29),ISBLANK(E29)),0,IF(COUNT(FIND(PurlinsxGirthsxBracings,$C29))>0,IF(B29=0,CONCATENATE(E29," ",C29),CONCATENATE(B29," - ",E29," ",C29)),IF(B29=0,IF(ISBLANK(C29),E29,CONCATENATE(D29,", ",F29,"kg/m, ",G29,"mm surface perimeter")),IF(AND(ISBLANK(C29),ISTEXT(E29)),CONCATENATE(B29," - ",E29),IF(AND(ISBLANK(C29),ISBLANK(E29)),B29,CONCATENATE(B29," - ",D29,", ",F29,"kg/m, ",G29,"mm surface perimeter"))))&IF(ISBLANK(H29),"",H29)))} -> CWB70k - CUSTOM_700_F50_W30; Steel Grade: 400PLUS | L29: {=IF(COUNT(FIND({0,1,2,3,4,5,6,7,8,9},B29))>0,COUNT(FIND({0,1,2,3,4,5,6,7,8,9},B29))>0,"")} -> TRUE | M29: {=IFERROR(_xlfn.IFS(R29="Count",RANDBETWEEN(1,COUNTIF($R$11:$R$653,"Count")),R29="Length",RANDBETWEEN(1,COUNTIF($R$11:$R$653,"Length"))),"")} | N29: =IFERROR(_xlfn.RANK.EQ(M29,$M$11:$M$653)+COUNTIF($M$11:M29,M29)-1,"") | O29: =IF(A29='DATA SHEET'!$L$36,C29,IFERROR(IF(AND(ISTEXT(I29),ISBLANK(C29)),"No details",VLOOKUP(C29,DimFolder,2,FALSE)),"")) -> No details | P29: =IF(AND(ISBLANK(B29),ISBLANK(C29)),"",CONCATENATE("Structural\Structural Steel\",A29,"\",O29)) -> Structural\Structural Steel\Purlins, Girths and Bracings\No details | Q29: =IF(AND(ISBLANK(B29),ISBLANK(C29)),"",I29) -> CWB70k - CUSTOM_700_F50_W30; Steel Grade: 400PLUS | R29: {=IF(INDEX(Table2[],_xlfn.XMATCH($A29,Table2[Steel Member],0),_xlfn.XMATCH(R$2,Table2[#Headers],0))=0,"",INDEX(Table2[],_xlfn.XMATCH($A29,Table2[Steel Member],0),_xlfn.XMATCH(R$2,Table2[#Headers],0)))} -> #N/A | S29: {=IF(INDEX(Table2[],_xlfn.XMATCH($A29,Table2[Steel Member],0),_xlfn.XMATCH(S$2,Table2[#Headers],0))=0,"",INDEX(Table2[],_xlfn.XMATCH($A29,Table2[Steel Member],0),_xlfn.XMATCH(S$2,Table2[#Headers],0)))} -> #N/A | T29: =IF(AND(ISBLANK(B29),ISBLANK(C29)),"","t") -> t | U29: =VLOOKUP(N29,'COLOR CODE'!$B:$D,2,FALSE) -> #N/A | V29: =IF(AND(ISBLANK(B29),ISBLANK(C29)),"","Red") -> Red | W29: {=IF(INDEX(Table2[],_xlfn.XMATCH($A29,Table2[Steel Member],0),_xlfn.XMATCH(W$2,Table2[#Headers],0))=0,"",INDEX(Table2[],_xlfn.XMATCH($A29,Table2[Steel Member],0),_xlfn.XMATCH(W$2,Table2[#Headers],0)))} -> #N/A | X29: =W29 -> #N/A | Y29: {=IF(INDEX(Table2[],_xlfn.XMATCH($A29,Table2[Steel Member],0),_xlfn.XMATCH(Y$2,Table2[#Headers],0))=0,"",INDEX(Table2[],_xlfn.XMATCH($A29,Table2[Steel Member],0),_xlfn.XMATCH(Y$2,Table2[#Headers],0)))} -> #N/A | Z29: {=IF(INDEX(Table2[],_xlfn.XMATCH($A29,Table2[Steel Member],0),_xlfn.XMATCH(Z$2,Table2[#Headers],0))=0,"",INDEX(Table2[],_xlfn.XMATCH($A29,Table2[Steel Member],0),_xlfn.XMATCH(Z$2,Table2[#Headers],0)))} -> #N/A | AA29: {=IF(INDEX(Table2[],_xlfn.XMATCH($A29,Table2[Steel Member],0),_xlfn.XMATCH(AA$2,Table2[#Headers],0))=0,"",INDEX(Table2[],_xlfn.XMATCH($A29,Table2[Steel Member],0),_xlfn.XMATCH(AA$2,Table2[#Headers],0)))} -> #N/A | AB29: {=IF(INDEX(Table2[],_xlfn.XMATCH($A29,Table2[Steel Member],0),_xlfn.XMATCH(AB$2,Table2[#Headers],0))=0,"",INDEX(Table2[],_xlfn.XMATCH($A29,Table2[Steel Member],0),_xlfn.XMATCH(AB$2,Table2[#Headers],0)))} -> #N/A | AC29: {=IFERROR(INDEX(Table8[],_xlfn.XMATCH($O29,Table8[Dimension Name Category],0),_xlfn.XMATCH(AC$2&IF($L29," w/ tag"," w/o tag"),Table8[#Headers],0)),"")} | AD29: =IF(OR($AC29="",$AC29=0),"",IF($A29=Column,"{Length}*XNUMBER({Dimension Group Name},"&$AC29&")/1000","{Length}*XNUMBER({Dimension Group Name},"&$AC29&")/1000*{Slope Factor}")) | AE29: =IF(AND(ISBLANK(B29),ISBLANK(C29)),"",IF($A29=Purlins_Girths_Bracings,"","Steel Surface Area")) -> Steel Surface Area | AF29: =IF(AND(ISBLANK(B29),ISBLANK(C29)),"",IF($A29=Purlins_Girths_Bracings,"","m2")) -> m2 | AG29: {=IFERROR(INDEX(Table8[],_xlfn.XMATCH($O29,Table8[Dimension Name Category],0),_xlfn.XMATCH(AG$2&IF($L29," w/ tag"," w/o tag"),Table8[#Headers],0)),"")} | AH29: =IF(OR($AG29="",$AG29=0),"",IF($A29=Column,"{Length}*XNUMBER({Dimension Group Name},"&$AG29&")/1000","{Length}*XNUMBER({Dimension Group Name},"&$AG29&")/1000*{Slope Factor}")) | AJ29: =IF(OR($A29=Column,$A29=""),"","Slope Length") -> Slope Length | AK29: =IF(OR($A29=Column,$A29=""),"","m") -> m | AL29: {=IF(INDEX(Table2[],_xlfn.XMATCH($A29,Table2[Steel Member],0),_xlfn.XMATCH(AL$2,Table2[#Headers],0))=0,"",INDEX(Table2[],_xlfn.XMATCH($A29,Table2[Steel Member],0),_xlfn.XMATCH(AL$2,Table2[#Headers],0)))} -> #N/A | AN29: =IF(OR($A29=Column,$A29=""),"","Slope Factor") -> Slope Factor | AP29: {=IF(INDEX(Table2[],_xlfn.XMATCH($A29,Table2[Steel Member],0),_xlfn.XMATCH(AP$2,Table2[#Headers],0))=0,"",INDEX(Table2[],_xlfn.XMATCH($A29,Table2[Steel Member],0),_xlfn.XMATCH(AP$2,Table2[#Headers],0)))} -> #N/A
A30: Purlins, Girths and Bracings | B30: CWB73a | E30: CUSTOM_730_F30_W10 | F30: {=IF(COUNT(FIND(PurlinsxGirthsxBracings,$C30))>0,0,ROUNDUP(IF(D30=0,0,VLOOKUP(D30,'DATA SHEET'!$B:$D,2,FALSE)),2))} -> 0 | G30: {=IF(COUNT(FIND(PurlinsxGirthsxBracings,$C30))>0,0,ROUNDUP(IF(D30=0,0,VLOOKUP(D30,'DATA SHEET'!$B:$D,3,FALSE)),2))} -> 0 | H30: ; Steel Grade: 400PLUS | I30: {=IF(AND(ISBLANK(B30),ISBLANK(C30),ISBLANK(E30)),0,IF(COUNT(FIND(PurlinsxGirthsxBracings,$C30))>0,IF(B30=0,CONCATENATE(E30," ",C30),CONCATENATE(B30," - ",E30," ",C30)),IF(B30=0,IF(ISBLANK(C30),E30,CONCATENATE(D30,", ",F30,"kg/m, ",G30,"mm surface perimeter")),IF(AND(ISBLANK(C30),ISTEXT(E30)),CONCATENATE(B30," - ",E30),IF(AND(ISBLANK(C30),ISBLANK(E30)),B30,CONCATENATE(B30," - ",D30,", ",F30,"kg/m, ",G30,"mm surface perimeter"))))&IF(ISBLANK(H30),"",H30)))} -> CWB73a - CUSTOM_730_F30_W10; Steel Grade: 400PLUS | L30: {=IF(COUNT(FIND({0,1,2,3,4,5,6,7,8,9},B30))>0,COUNT(FIND({0,1,2,3,4,5,6,7,8,9},B30))>0,"")} -> TRUE | M30: {=IFERROR(_xlfn.IFS(R30="Count",RANDBETWEEN(1,COUNTIF($R$11:$R$653,"Count")),R30="Length",RANDBETWEEN(1,COUNTIF($R$11:$R$653,"Length"))),"")} | N30: =IFERROR(_xlfn.RANK.EQ(M30,$M$11:$M$653)+COUNTIF($M$11:M30,M30)-1,"") | O30: =IF(A30='DATA SHEET'!$L$36,C30,IFERROR(IF(AND(ISTEXT(I30),ISBLANK(C30)),"No details",VLOOKUP(C30,DimFolder,2,FALSE)),"")) -> No details | P30: =IF(AND(ISBLANK(B30),ISBLANK(C30)),"",CONCATENATE("Structural\Structural Steel\",A30,"\",O30)) -> Structural\Structural Steel\Purlins, Girths and Bracings\No details | Q30: =IF(AND(ISBLANK(B30),ISBLANK(C30)),"",I30) -> CWB73a - CUSTOM_730_F30_W10; Steel Grade: 400PLUS | R30: {=IF(INDEX(Table2[],_xlfn.XMATCH($A30,Table2[Steel Member],0),_xlfn.XMATCH(R$2,Table2[#Headers],0))=0,"",INDEX(Table2[],_xlfn.XMATCH($A30,Table2[Steel Member],0),_xlfn.XMATCH(R$2,Table2[#Headers],0)))} -> #N/A | S30: {=IF(INDEX(Table2[],_xlfn.XMATCH($A30,Table2[Steel Member],0),_xlfn.XMATCH(S$2,Table2[#Headers],0))=0,"",INDEX(Table2[],_xlfn.XMATCH($A30,Table2[Steel Member],0),_xlfn.XMATCH(S$2,Table2[#Headers],0)))} -> #N/A | T30: =IF(AND(ISBLANK(B30),ISBLANK(C30)),"","t") -> t | U30: =VLOOKUP(N30,'COLOR CODE'!$B:$D,2,FALSE) -> #N/A | V30: =IF(AND(ISBLANK(B30),ISBLANK(C30)),"","Red") -> Red | W30: {=IF(INDEX(Table2[],_xlfn.XMATCH($A30,Table2[Steel Member],0),_xlfn.XMATCH(W$2,Table2[#Headers],0))=0,"",INDEX(Table2[],_xlfn.XMATCH($A30,Table2[Steel Member],0),_xlfn.XMATCH(W$2,Table2[#Headers],0)))} -> #N/A | X30: =W30 -> #N/A | Y30: {=IF(INDEX(Table2[],_xlfn.XMATCH($A30,Table2[Steel Member],0),_xlfn.XMATCH(Y$2,Table2[#Headers],0))=0,"",INDEX(Table2[],_xlfn.XMATCH($A30,Table2[Steel Member],0),_xlfn.XMATCH(Y$2,Table2[#Headers],0)))} -> #N/A | Z30: {=IF(INDEX(Table2[],_xlfn.XMATCH($A30,Table2[Steel Member],0),_xlfn.XMATCH(Z$2,Table2[#Headers],0))=0,"",INDEX(Table2[],_xlfn.XMATCH($A30,Table2[Steel Member],0),_xlfn.XMATCH(Z$2,Table2[#Headers],0)))} -> #N/A | AA30: {=IF(INDEX(Table2[],_xlfn.XMATCH($A30,Table2[Steel Member],0),_xlfn.XMATCH(AA$2,Table2[#Headers],0))=0,"",INDEX(Table2[],_xlfn.XMATCH($A30,Table2[Steel Member],0),_xlfn.XMATCH(AA$2,Table2[#Headers],0)))} -> #N/A | AB30: {=IF(INDEX(Table2[],_xlfn.XMATCH($A30,Table2[Steel Member],0),_xlfn.XMATCH(AB$2,Table2[#Headers],0))=0,"",INDEX(Table2[],_xlfn.XMATCH($A30,Table2[Steel Member],0),_xlfn.XMATCH(AB$2,Table2[#Headers],0)))} -> #N/A | AC30: {=IFERROR(INDEX(Table8[],_xlfn.XMATCH($O30,Table8[Dimension Name Category],0),_xlfn.XMATCH(AC$2&IF($L30," w/ tag"," w/o tag"),Table8[#Headers],0)),"")} | AD30: =IF(OR($AC30="",$AC30=0),"",IF($A30=Column,"{Length}*XNUMBER({Dimension Group Name},"&$AC30&")/1000","{Length}*XNUMBER({Dimension Group Name},"&$AC30&")/1000*{Slope Factor}")) | AE30: =IF(AND(ISBLANK(B30),ISBLANK(C30)),"",IF($A30=Purlins_Girths_Bracings,"","Steel Surface Area")) -> Steel Surface Area | AF30: =IF(AND(ISBLANK(B30),ISBLANK(C30)),"",IF($A30=Purlins_Girths_Bracings,"","m2")) -> m2 | AG30: {=IFERROR(INDEX(Table8[],_xlfn.XMATCH($O30,Table8[Dimension Name Category],0),_xlfn.XMATCH(AG$2&IF($L30," w/ tag"," w/o tag"),Table8[#Headers],0)),"")} | AH30: =IF(OR($AG30="",$AG30=0),"",IF($A30=Column,"{Length}*XNUMBER({Dimension Group Name},"&$AG30&")/1000","{Length}*XNUMBER({Dimension Group Name},"&$AG30&")/1000*{Slope Factor}")) | AJ30: =IF(OR($A30=Column,$A30=""),"","Slope Length") -> Slope Length | AK30: =IF(OR($A30=Column,$A30=""),"","m") -> m | AL30: {=IF(INDEX(Table2[],_xlfn.XMATCH($A30,Table2[Steel Member],0),_xlfn.XMATCH(AL$2,Table2[#Headers],0))=0,"",INDEX(Table2[],_xlfn.XMATCH($A30,Table2[Steel Member],0),_xlfn.XMATCH(AL$2,Table2[#Headers],0)))} -> #N/A | AN30: =IF(OR($A30=Column,$A30=""),"","Slope Factor") -> Slope Factor | AP30: {=IF(INDEX(Table2[],_xlfn.XMATCH($A30,Table2[Steel Member],0),_xlfn.XMATCH(AP$2,Table2[#Headers],0))=0,"",INDEX(Table2[],_xlfn.XMATCH($A30,Table2[Steel Member],0),_xlfn.XMATCH(AP$2,Table2[#Headers],0)))} -> #N/A
A31: Purlins, Girths and Bracings | B31: CWB73a | E31: CUSTOM_730_F30_W15 | F31: {=IF(COUNT(FIND(PurlinsxGirthsxBracings,$C31))>0,0,ROUNDUP(IF(D31=0,0,VLOOKUP(D31,'DATA SHEET'!$B:$D,2,FALSE)),2))} -> 0 | G31: {=IF(COUNT(FIND(PurlinsxGirthsxBracings,$C31))>0,0,ROUNDUP(IF(D31=0,0,VLOOKUP(D31,'DATA SHEET'!$B:$D,3,FALSE)),2))} -> 0 | H31: ; Steel Grade: 400PLUS | I31: {=IF(AND(ISBLANK(B31),ISBLANK(C31),ISBLANK(E31)),0,IF(COUNT(FIND(PurlinsxGirthsxBracings,$C31))>0,IF(B31=0,CONCATENATE(E31," ",C31),CONCATENATE(B31," - ",E31," ",C31)),IF(B31=0,IF(ISBLANK(C31),E31,CONCATENATE(D31,", ",F31,"kg/m, ",G31,"mm surface perimeter")),IF(AND(ISBLANK(C31),ISTEXT(E31)),CONCATENATE(B31," - ",E31),IF(AND(ISBLANK(C31),ISBLANK(E31)),B31,CONCATENATE(B31," - ",D31,", ",F31,"kg/m, ",G31,"mm surface perimeter"))))&IF(ISBLANK(H31),"",H31)))} -> CWB73a - CUSTOM_730_F30_W15; Steel Grade: 400PLUS | L31: {=IF(COUNT(FIND({0,1,2,3,4,5,6,7,8,9},B31))>0,COUNT(FIND({0,1,2,3,4,5,6,7,8,9},B31))>0,"")} -> TRUE | M31: {=IFERROR(_xlfn.IFS(R31="Count",RANDBETWEEN(1,COUNTIF($R$11:$R$653,"Count")),R31="Length",RANDBETWEEN(1,COUNTIF($R$11:$R$653,"Length"))),"")} | N31: =IFERROR(_xlfn.RANK.EQ(M31,$M$11:$M$653)+COUNTIF($M$11:M31,M31)-1,"") | O31: =IF(A31='DATA SHEET'!$L$36,C31,IFERROR(IF(AND(ISTEXT(I31),ISBLANK(C31)),"No details",VLOOKUP(C31,DimFolder,2,FALSE)),"")) -> No details | P31: =IF(AND(ISBLANK(B31),ISBLANK(C31)),"",CONCATENATE("Structural\Structural Steel\",A31,"\",O31)) -> Structural\Structural Steel\Purlins, Girths and Bracings\No details | Q31: =IF(AND(ISBLANK(B31),ISBLANK(C31)),"",I31) -> CWB73a - CUSTOM_730_F30_W15; Steel Grade: 400PLUS | R31: {=IF(INDEX(Table2[],_xlfn.XMATCH($A31,Table2[Steel Member],0),_xlfn.XMATCH(R$2,Table2[#Headers],0))=0,"",INDEX(Table2[],_xlfn.XMATCH($A31,Table2[Steel Member],0),_xlfn.XMATCH(R$2,Table2[#Headers],0)))} -> #N/A | S31: {=IF(INDEX(Table2[],_xlfn.XMATCH($A31,Table2[Steel Member],0),_xlfn.XMATCH(S$2,Table2[#Headers],0))=0,"",INDEX(Table2[],_xlfn.XMATCH($A31,Table2[Steel Member],0),_xlfn.XMATCH(S$2,Table2[#Headers],0)))} -> #N/A | T31: =IF(AND(ISBLANK(B31),ISBLANK(C31)),"","t") -> t | U31: =VLOOKUP(N31,'COLOR CODE'!$B:$D,2,FALSE) -> #N/A | V31: =IF(AND(ISBLANK(B31),ISBLANK(C31)),"","Red") -> Red | W31: {=IF(INDEX(Table2[],_xlfn.XMATCH($A31,Table2[Steel Member],0),_xlfn.XMATCH(W$2,Table2[#Headers],0))=0,"",INDEX(Table2[],_xlfn.XMATCH($A31,Table2[Steel Member],0),_xlfn.XMATCH(W$2,Table2[#Headers],0)))} -> #N/A | X31: =W31 -> #N/A | Y31: {=IF(INDEX(Table2[],_xlfn.XMATCH($A31,Table2[Steel Member],0),_xlfn.XMATCH(Y$2,Table2[#Headers],0))=0,"",INDEX(Table2[],_xlfn.XMATCH($A31,Table2[Steel Member],0),_xlfn.XMATCH(Y$2,Table2[#Headers],0)))} -> #N/A | Z31: {=IF(INDEX(Table2[],_xlfn.XMATCH($A31,Table2[Steel Member],0),_xlfn.XMATCH(Z$2,Table2[#Headers],0))=0,"",INDEX(Table2[],_xlfn.XMATCH($A31,Table2[Steel Member],0),_xlfn.XMATCH(Z$2,Table2[#Headers],0)))} -> #N/A | AA31: {=IF(INDEX(Table2[],_xlfn.XMATCH($A31,Table2[Steel Member],0),_xlfn.XMATCH(AA$2,Table2[#Headers],0))=0,"",INDEX(Table2[],_xlfn.XMATCH($A31,Table2[Steel Member],0),_xlfn.XMATCH(AA$2,Table2[#Headers],0)))} -> #N/A | AB31: {=IF(INDEX(Table2[],_xlfn.XMATCH($A31,Table2[Steel Member],0),_xlfn.XMATCH(AB$2,Table2[#Headers],0))=0,"",INDEX(Table2[],_xlfn.XMATCH($A31,Table2[Steel Member],0),_xlfn.XMATCH(AB$2,Table2[#Headers],0)))} -> #N/A | AC31: {=IFERROR(INDEX(Table8[],_xlfn.XMATCH($O31,Table8[Dimension Name Category],0),_xlfn.XMATCH(AC$2&IF($L31," w/ tag"," w/o tag"),Table8[#Headers],0)),"")} | AD31: =IF(OR($AC31="",$AC31=0),"",IF($A31=Column,"{Length}*XNUMBER({Dimension Group Name},"&$AC31&")/1000","{Length}*XNUMBER({Dimension Group Name},"&$AC31&")/1000*{Slope Factor}")) | AE31: =IF(AND(ISBLANK(B31),ISBLANK(C31)),"",IF($A31=Purlins_Girths_Bracings,"","Steel Surface Area")) -> Steel Surface Area | AF31: =IF(AND(ISBLANK(B31),ISBLANK(C31)),"",IF($A31=Purlins_Girths_Bracings,"","m2")) -> m2 | AG31: {=IFERROR(INDEX(Table8[],_xlfn.XMATCH($O31,Table8[Dimension Name Category],0),_xlfn.XMATCH(AG$2&IF($L31," w/ tag"," w/o tag"),Table8[#Headers],0)),"")} | AH31: =IF(OR($AG31="",$AG31=0),"",IF($A31=Column,"{Length}*XNUMBER({Dimension Group Name},"&$AG31&")/1000","{Length}*XNUMBER({Dimension Group Name},"&$AG31&")/1000*{Slope Factor}")) | AJ31: =IF(OR($A31=Column,$A31=""),"","Slope Length") -> Slope Length | AK31: =IF(OR($A31=Column,$A31=""),"","m") -> m | AL31: {=IF(INDEX(Table2[],_xlfn.XMATCH($A31,Table2[Steel Member],0),_xlfn.XMATCH(AL$2,Table2[#Headers],0))=0,"",INDEX(Table2[],_xlfn.XMATCH($A31,Table2[Steel Member],0),_xlfn.XMATCH(AL$2,Table2[#Headers],0)))} -> #N/A | AN31: =IF(OR($A31=Column,$A31=""),"","Slope Factor") -> Slope Factor | AP31: {=IF(INDEX(Table2[],_xlfn.XMATCH($A31,Table2[Steel Member],0),_xlfn.XMATCH(AP$2,Table2[#Headers],0))=0,"",INDEX(Table2[],_xlfn.XMATCH($A31,Table2[Steel Member],0),_xlfn.XMATCH(AP$2,Table2[#Headers],0)))} -> #N/A
A32: Purlins, Girths and Bracings | B32: CWB73b | E32: CUSTOM_730_F50_W30 | F32: {=IF(COUNT(FIND(PurlinsxGirthsxBracings,$C32))>0,0,ROUNDUP(IF(D32=0,0,VLOOKUP(D32,'DATA SHEET'!$B:$D,2,FALSE)),2))} -> 0 | G32: {=IF(COUNT(FIND(PurlinsxGirthsxBracings,$C32))>0,0,ROUNDUP(IF(D32=0,0,VLOOKUP(D32,'DATA SHEET'!$B:$D,3,FALSE)),2))} -> 0 | H32: ; Steel Grade: 400PLUS | I32: {=IF(AND(ISBLANK(B32),ISBLANK(C32),ISBLANK(E32)),0,IF(COUNT(FIND(PurlinsxGirthsxBracings,$C32))>0,IF(B32=0,CONCATENATE(E32," ",C32),CONCATENATE(B32," - ",E32," ",C32)),IF(B32=0,IF(ISBLANK(C32),E32,CONCATENATE(D32,", ",F32,"kg/m, ",G32,"mm surface perimeter")),IF(AND(ISBLANK(C32),ISTEXT(E32)),CONCATENATE(B32," - ",E32),IF(AND(ISBLANK(C32),ISBLANK(E32)),B32,CONCATENATE(B32," - ",D32,", ",F32,"kg/m, ",G32,"mm surface perimeter"))))&IF(ISBLANK(H32),"",H32)))} -> CWB73b - CUSTOM_730_F50_W30; Steel Grade: 400PLUS | L32: {=IF(COUNT(FIND({0,1,2,3,4,5,6,7,8,9},B32))>0,COUNT(FIND({0,1,2,3,4,5,6,7,8,9},B32))>0,"")} -> TRUE | M32: {=IFERROR(_xlfn.IFS(R32="Count",RANDBETWEEN(1,COUNTIF($R$11:$R$653,"Count")),R32="Length",RANDBETWEEN(1,COUNTIF($R$11:$R$653,"Length"))),"")} | N32: =IFERROR(_xlfn.RANK.EQ(M32,$M$11:$M$653)+COUNTIF($M$11:M32,M32)-1,"") | O32: =IF(A32='DATA SHEET'!$L$36,C32,IFERROR(IF(AND(ISTEXT(I32),ISBLANK(C32)),"No details",VLOOKUP(C32,DimFolder,2,FALSE)),"")) -> No details | P32: =IF(AND(ISBLANK(B32),ISBLANK(C32)),"",CONCATENATE("Structural\Structural Steel\",A32,"\",O32)) -> Structural\Structural Steel\Purlins, Girths and Bracings\No details | Q32: =IF(AND(ISBLANK(B32),ISBLANK(C32)),"",I32) -> CWB73b - CUSTOM_730_F50_W30; Steel Grade: 400PLUS | R32: {=IF(INDEX(Table2[],_xlfn.XMATCH($A32,Table2[Steel Member],0),_xlfn.XMATCH(R$2,Table2[#Headers],0))=0,"",INDEX(Table2[],_xlfn.XMATCH($A32,Table2[Steel Member],0),_xlfn.XMATCH(R$2,Table2[#Headers],0)))} -> #N/A | S32: {=IF(INDEX(Table2[],_xlfn.XMATCH($A32,Table2[Steel Member],0),_xlfn.XMATCH(S$2,Table2[#Headers],0))=0,"",INDEX(Table2[],_xlfn.XMATCH($A32,Table2[Steel Member],0),_xlfn.XMATCH(S$2,Table2[#Headers],0)))} -> #N/A | T32: =IF(AND(ISBLANK(B32),ISBLANK(C32)),"","t") -> t | U32: =VLOOKUP(N32,'COLOR CODE'!$B:$D,2,FALSE) -> #N/A | V32: =IF(AND(ISBLANK(B32),ISBLANK(C32)),"","Red") -> Red | W32: {=IF(INDEX(Table2[],_xlfn.XMATCH($A32,Table2[Steel Member],0),_xlfn.XMATCH(W$2,Table2[#Headers],0))=0,"",INDEX(Table2[],_xlfn.XMATCH($A32,Table2[Steel Member],0),_xlfn.XMATCH(W$2,Table2[#Headers],0)))} -> #N/A | X32: =W32 -> #N/A | Y32: {=IF(INDEX(Table2[],_xlfn.XMATCH($A32,Table2[Steel Member],0),_xlfn.XMATCH(Y$2,Table2[#Headers],0))=0,"",INDEX(Table2[],_xlfn.XMATCH($A32,Table2[Steel Member],0),_xlfn.XMATCH(Y$2,Table2[#Headers],0)))} -> #N/A | Z32: {=IF(INDEX(Table2[],_xlfn.XMATCH($A32,Table2[Steel Member],0),_xlfn.XMATCH(Z$2,Table2[#Headers],0))=0,"",INDEX(Table2[],_xlfn.XMATCH($A32,Table2[Steel Member],0),_xlfn.XMATCH(Z$2,Table2[#Headers],0)))} -> #N/A | AA32: {=IF(INDEX(Table2[],_xlfn.XMATCH($A32,Table2[Steel Member],0),_xlfn.XMATCH(AA$2,Table2[#Headers],0))=0,"",INDEX(Table2[],_xlfn.XMATCH($A32,Table2[Steel Member],0),_xlfn.XMATCH(AA$2,Table2[#Headers],0)))} -> #N/A | AB32: {=IF(INDEX(Table2[],_xlfn.XMATCH($A32,Table2[Steel Member],0),_xlfn.XMATCH(AB$2,Table2[#Headers],0))=0,"",INDEX(Table2[],_xlfn.XMATCH($A32,Table2[Steel Member],0),_xlfn.XMATCH(AB$2,Table2[#Headers],0)))} -> #N/A | AC32: {=IFERROR(INDEX(Table8[],_xlfn.XMATCH($O32,Table8[Dimension Name Category],0),_xlfn.XMATCH(AC$2&IF($L32," w/ tag"," w/o tag"),Table8[#Headers],0)),"")} | AD32: =IF(OR($AC32="",$AC32=0),"",IF($A32=Column,"{Length}*XNUMBER({Dimension Group Name},"&$AC32&")/1000","{Length}*XNUMBER({Dimension Group Name},"&$AC32&")/1000*{Slope Factor}")) | AE32: =IF(AND(ISBLANK(B32),ISBLANK(C32)),"",IF($A32=Purlins_Girths_Bracings,"","Steel Surface Area")) -> Steel Surface Area | AF32: =IF(AND(ISBLANK(B32),ISBLANK(C32)),"",IF($A32=Purlins_Girths_Bracings,"","m2")) -> m2 | AG32: {=IFERROR(INDEX(Table8[],_xlfn.XMATCH($O32,Table8[Dimension Name Category],0),_xlfn.XMATCH(AG$2&IF($L32," w/ tag"," w/o tag"),Table8[#Headers],0)),"")} | AH32: =IF(OR($AG32="",$AG32=0),"",IF($A32=Column,"{Length}*XNUMBER({Dimension Group Name},"&$AG32&")/1000","{Length}*XNUMBER({Dimension Group Name},"&$AG32&")/1000*{Slope Factor}")) | AJ32: =IF(OR($A32=Column,$A32=""),"","Slope Length") -> Slope Length | AK32: =IF(OR($A32=Column,$A32=""),"","m") -> m | AL32: {=IF(INDEX(Table2[],_xlfn.XMATCH($A32,Table2[Steel Member],0),_xlfn.XMATCH(AL$2,Table2[#Headers],0))=0,"",INDEX(Table2[],_xlfn.XMATCH($A32,Table2[Steel Member],0),_xlfn.XMATCH(AL$2,Table2[#Headers],0)))} -> #N/A | AN32: =IF(OR($A32=Column,$A32=""),"","Slope Factor") -> Slope Factor | AP32: {=IF(INDEX(Table2[],_xlfn.XMATCH($A32,Table2[Steel Member],0),_xlfn.XMATCH(AP$2,Table2[#Headers],0))=0,"",INDEX(Table2[],_xlfn.XMATCH($A32,Table2[Steel Member],0),_xlfn.XMATCH(AP$2,Table2[#Headers],0)))} -> #N/A
A33: Purlins, Girths and Bracings | B33: CWB73c | E33: CUSTOM_730_F50_W40 | F33: {=IF(COUNT(FIND(PurlinsxGirthsxBracings,$C33))>0,0,ROUNDUP(IF(D33=0,0,VLOOKUP(D33,'DATA SHEET'!$B:$D,2,FALSE)),2))} -> 0 | G33: {=IF(COUNT(FIND(PurlinsxGirthsxBracings,$C33))>0,0,ROUNDUP(IF(D33=0,0,VLOOKUP(D33,'DATA SHEET'!$B:$D,3,FALSE)),2))} -> 0 | H33: ; Steel Grade: 400PLUS | I33: {=IF(AND(ISBLANK(B33),ISBLANK(C33),ISBLANK(E33)),0,IF(COUNT(FIND(PurlinsxGirthsxBracings,$C33))>0,IF(B33=0,CONCATENATE(E33," ",C33),CONCATENATE(B33," - ",E33," ",C33)),IF(B33=0,IF(ISBLANK(C33),E33,CONCATENATE(D33,", ",F33,"kg/m, ",G33,"mm surface perimeter")),IF(AND(ISBLANK(C33),ISTEXT(E33)),CONCATENATE(B33," - ",E33),IF(AND(ISBLANK(C33),ISBLANK(E33)),B33,CONCATENATE(B33," - ",D33,", ",F33,"kg/m, ",G33,"mm surface perimeter"))))&IF(ISBLANK(H33),"",H33)))} -> CWB73c - CUSTOM_730_F50_W40; Steel Grade: 400PLUS | L33: {=IF(COUNT(FIND({0,1,2,3,4,5,6,7,8,9},B33))>0,COUNT(FIND({0,1,2,3,4,5,6,7,8,9},B33))>0,"")} -> TRUE | M33: {=IFERROR(_xlfn.IFS(R33="Count",RANDBETWEEN(1,COUNTIF($R$11:$R$653,"Count")),R33="Length",RANDBETWEEN(1,COUNTIF($R$11:$R$653,"Length"))),"")} | N33: =IFERROR(_xlfn.RANK.EQ(M33,$M$11:$M$653)+COUNTIF($M$11:M33,M33)-1,"") | O33: =IF(A33='DATA SHEET'!$L$36,C33,IFERROR(IF(AND(ISTEXT(I33),ISBLANK(C33)),"No details",VLOOKUP(C33,DimFolder,2,FALSE)),"")) -> No details | P33: =IF(AND(ISBLANK(B33),ISBLANK(C33)),"",CONCATENATE("Structural\Structural Steel\",A33,"\",O33)) -> Structural\Structural Steel\Purlins, Girths and Bracings\No details | Q33: =IF(AND(ISBLANK(B33),ISBLANK(C33)),"",I33) -> CWB73c - CUSTOM_730_F50_W40; Steel Grade: 400PLUS | R33: {=IF(INDEX(Table2[],_xlfn.XMATCH($A33,Table2[Steel Member],0),_xlfn.XMATCH(R$2,Table2[#Headers],0))=0,"",INDEX(Table2[],_xlfn.XMATCH($A33,Table2[Steel Member],0),_xlfn.XMATCH(R$2,Table2[#Headers],0)))} -> #N/A | S33: {=IF(INDEX(Table2[],_xlfn.XMATCH($A33,Table2[Steel Member],0),_xlfn.XMATCH(S$2,Table2[#Headers],0))=0,"",INDEX(Table2[],_xlfn.XMATCH($A33,Table2[Steel Member],0),_xlfn.XMATCH(S$2,Table2[#Headers],0)))} -> #N/A | T33: =IF(AND(ISBLANK(B33),ISBLANK(C33)),"","t") -> t | U33: =VLOOKUP(N33,'COLOR CODE'!$B:$D,2,FALSE) -> #N/A | V33: =IF(AND(ISBLANK(B33),ISBLANK(C33)),"","Red") -> Red | W33: {=IF(INDEX(Table2[],_xlfn.XMATCH($A33,Table2[Steel Member],0),_xlfn.XMATCH(W$2,Table2[#Headers],0))=0,"",INDEX(Table2[],_xlfn.XMATCH($A33,Table2[Steel Member],0),_xlfn.XMATCH(W$2,Table2[#Headers],0)))} -> #N/A | X33: =W33 -> #N/A | Y33: {=IF(INDEX(Table2[],_xlfn.XMATCH($A33,Table2[Steel Member],0),_xlfn.XMATCH(Y$2,Table2[#Headers],0))=0,"",INDEX(Table2[],_xlfn.XMATCH($A33,Table2[Steel Member],0),_xlfn.XMATCH(Y$2,Table2[#Headers],0)))} -> #N/A | Z33: {=IF(INDEX(Table2[],_xlfn.XMATCH($A33,Table2[Steel Member],0),_xlfn.XMATCH(Z$2,Table2[#Headers],0))=0,"",INDEX(Table2[],_xlfn.XMATCH($A33,Table2[Steel Member],0),_xlfn.XMATCH(Z$2,Table2[#Headers],0)))} -> #N/A | AA33: {=IF(INDEX(Table2[],_xlfn.XMATCH($A33,Table2[Steel Member],0),_xlfn.XMATCH(AA$2,Table2[#Headers],0))=0,"",INDEX(Table2[],_xlfn.XMATCH($A33,Table2[Steel Member],0),_xlfn.XMATCH(AA$2,Table2[#Headers],0)))} -> #N/A | AB33: {=IF(INDEX(Table2[],_xlfn.XMATCH($A33,Table2[Steel Member],0),_xlfn.XMATCH(AB$2,Table2[#Headers],0))=0,"",INDEX(Table2[],_xlfn.XMATCH($A33,Table2[Steel Member],0),_xlfn.XMATCH(AB$2,Table2[#Headers],0)))} -> #N/A | AC33: {=IFERROR(INDEX(Table8[],_xlfn.XMATCH($O33,Table8[Dimension Name Category],0),_xlfn.XMATCH(AC$2&IF($L33," w/ tag"," w/o tag"),Table8[#Headers],0)),"")} | AD33: =IF(OR($AC33="",$AC33=0),"",IF($A33=Column,"{Length}*XNUMBER({Dimension Group Name},"&$AC33&")/1000","{Length}*XNUMBER({Dimension Group Name},"&$AC33&")/1000*{Slope Factor}")) | AE33: =IF(AND(ISBLANK(B33),ISBLANK(C33)),"",IF($A33=Purlins_Girths_Bracings,"","Steel Surface Area")) -> Steel Surface Area | AF33: =IF(AND(ISBLANK(B33),ISBLANK(C33)),"",IF($A33=Purlins_Girths_Bracings,"","m2")) -> m2 | AG33: {=IFERROR(INDEX(Table8[],_xlfn.XMATCH($O33,Table8[Dimension Name Category],0),_xlfn.XMATCH(AG$2&IF($L33," w/ tag"," w/o tag"),Table8[#Headers],0)),"")} | AH33: =IF(OR($AG33="",$AG33=0),"",IF($A33=Column,"{Length}*XNUMBER({Dimension Group Name},"&$AG33&")/1000","{Length}*XNUMBER({Dimension Group Name},"&$AG33&")/1000*{Slope Factor}")) | AJ33: =IF(OR($A33=Column,$A33=""),"","Slope Length") -> Slope Length | AK33: =IF(OR($A33=Column,$A33=""),"","m") -> m | AL33: {=IF(INDEX(Table2[],_xlfn.XMATCH($A33,Table2[Steel Member],0),_xlfn.XMATCH(AL$2,Table2[#Headers],0))=0,"",INDEX(Table2[],_xlfn.XMATCH($A33,Table2[Steel Member],0),_xlfn.XMATCH(AL$2,Table2[#Headers],0)))} -> #N/A | AN33: =IF(OR($A33=Column,$A33=""),"","Slope Factor") -> Slope Factor | AP33: {=IF(INDEX(Table2[],_xlfn.XMATCH($A33,Table2[Steel Member],0),_xlfn.XMATCH(AP$2,Table2[#Headers],0))=0,"",INDEX(Table2[],_xlfn.XMATCH($A33,Table2[Steel Member],0),_xlfn.XMATCH(AP$2,Table2[#Headers],0)))} -> #N/A
A34: Purlins, Girths and Bracings | B34: CWB73d | E34: CUSTOM_730_F15_W30 | F34: {=IF(COUNT(FIND(PurlinsxGirthsxBracings,$C34))>0,0,ROUNDUP(IF(D34=0,0,VLOOKUP(D34,'DATA SHEET'!$B:$D,2,FALSE)),2))} -> 0 | G34: {=IF(COUNT(FIND(PurlinsxGirthsxBracings,$C34))>0,0,ROUNDUP(IF(D34=0,0,VLOOKUP(D34,'DATA SHEET'!$B:$D,3,FALSE)),2))} -> 0 | H34: ; Steel Grade: 400PLUS | I34: {=IF(AND(ISBLANK(B34),ISBLANK(C34),ISBLANK(E34)),0,IF(COUNT(FIND(PurlinsxGirthsxBracings,$C34))>0,IF(B34=0,CONCATENATE(E34," ",C34),CONCATENATE(B34," - ",E34," ",C34)),IF(B34=0,IF(ISBLANK(C34),E34,CONCATENATE(D34,", ",F34,"kg/m, ",G34,"mm surface perimeter")),IF(AND(ISBLANK(C34),ISTEXT(E34)),CONCATENATE(B34," - ",E34),IF(AND(ISBLANK(C34),ISBLANK(E34)),B34,CONCATENATE(B34," - ",D34,", ",F34,"kg/m, ",G34,"mm surface perimeter"))))&IF(ISBLANK(H34),"",H34)))} -> CWB73d - CUSTOM_730_F15_W30; Steel Grade: 400PLUS | L34: {=IF(COUNT(FIND({0,1,2,3,4,5,6,7,8,9},B34))>0,COUNT(FIND({0,1,2,3,4,5,6,7,8,9},B34))>0,"")} -> TRUE | M34: {=IFERROR(_xlfn.IFS(R34="Count",RANDBETWEEN(1,COUNTIF($R$11:$R$653,"Count")),R34="Length",RANDBETWEEN(1,COUNTIF($R$11:$R$653,"Length"))),"")} | N34: =IFERROR(_xlfn.RANK.EQ(M34,$M$11:$M$653)+COUNTIF($M$11:M34,M34)-1,"") | O34: =IF(A34='DATA SHEET'!$L$36,C34,IFERROR(IF(AND(ISTEXT(I34),ISBLANK(C34)),"No details",VLOOKUP(C34,DimFolder,2,FALSE)),"")) -> No details | P34: =IF(AND(ISBLANK(B34),ISBLANK(C34)),"",CONCATENATE("Structural\Structural Steel\",A34,"\",O34)) -> Structural\Structural Steel\Purlins, Girths and Bracings\No details | Q34: =IF(AND(ISBLANK(B34),ISBLANK(C34)),"",I34) -> CWB73d - CUSTOM_730_F15_W30; Steel Grade: 400PLUS | R34: {=IF(INDEX(Table2[],_xlfn.XMATCH($A34,Table2[Steel Member],0),_xlfn.XMATCH(R$2,Table2[#Headers],0))=0,"",INDEX(Table2[],_xlfn.XMATCH($A34,Table2[Steel Member],0),_xlfn.XMATCH(R$2,Table2[#Headers],0)))} -> #N/A | S34: {=IF(INDEX(Table2[],_xlfn.XMATCH($A34,Table2[Steel Member],0),_xlfn.XMATCH(S$2,Table2[#Headers],0))=0,"",INDEX(Table2[],_xlfn.XMATCH($A34,Table2[Steel Member],0),_xlfn.XMATCH(S$2,Table2[#Headers],0)))} -> #N/A | T34: =IF(AND(ISBLANK(B34),ISBLANK(C34)),"","t") -> t | U34: =VLOOKUP(N34,'COLOR CODE'!$B:$D,2,FALSE) -> #N/A | V34: =IF(AND(ISBLANK(B34),ISBLANK(C34)),"","Red") -> Red | W34: {=IF(INDEX(Table2[],_xlfn.XMATCH($A34,Table2[Steel Member],0),_xlfn.XMATCH(W$2,Table2[#Headers],0))=0,"",INDEX(Table2[],_xlfn.XMATCH($A34,Table2[Steel Member],0),_xlfn.XMATCH(W$2,Table2[#Headers],0)))} -> #N/A | X34: =W34 -> #N/A | Y34: {=IF(INDEX(Table2[],_xlfn.XMATCH($A34,Table2[Steel Member],0),_xlfn.XMATCH(Y$2,Table2[#Headers],0))=0,"",INDEX(Table2[],_xlfn.XMATCH($A34,Table2[Steel Member],0),_xlfn.XMATCH(Y$2,Table2[#Headers],0)))} -> #N/A | Z34: {=IF(INDEX(Table2[],_xlfn.XMATCH($A34,Table2[Steel Member],0),_xlfn.XMATCH(Z$2,Table2[#Headers],0))=0,"",INDEX(Table2[],_xlfn.XMATCH($A34,Table2[Steel Member],0),_xlfn.XMATCH(Z$2,Table2[#Headers],0)))} -> #N/A | AA34: {=IF(INDEX(Table2[],_xlfn.XMATCH($A34,Table2[Steel Member],0),_xlfn.XMATCH(AA$2,Table2[#Headers],0))=0,"",INDEX(Table2[],_xlfn.XMATCH($A34,Table2[Steel Member],0),_xlfn.XMATCH(AA$2,Table2[#Headers],0)))} -> #N/A | AB34: {=IF(INDEX(Table2[],_xlfn.XMATCH($A34,Table2[Steel Member],0),_xlfn.XMATCH(AB$2,Table2[#Headers],0))=0,"",INDEX(Table2[],_xlfn.XMATCH($A34,Table2[Steel Member],0),_xlfn.XMATCH(AB$2,Table2[#Headers],0)))} -> #N/A | AC34: {=IFERROR(INDEX(Table8[],_xlfn.XMATCH($O34,Table8[Dimension Name Category],0),_xlfn.XMATCH(AC$2&IF($L34," w/ tag"," w/o tag"),Table8[#Headers],0)),"")} | AD34: =IF(OR($AC34="",$AC34=0),"",IF($A34=Column,"{Length}*XNUMBER({Dimension Group Name},"&$AC34&")/1000","{Length}*XNUMBER({Dimension Group Name},"&$AC34&")/1000*{Slope Factor}")) | AE34: =IF(AND(ISBLANK(B34),ISBLANK(C34)),"",IF($A34=Purlins_Girths_Bracings,"","Steel Surface Area")) -> Steel Surface Area | AF34: =IF(AND(ISBLANK(B34),ISBLANK(C34)),"",IF($A34=Purlins_Girths_Bracings,"","m2")) -> m2 | AG34: {=IFERROR(INDEX(Table8[],_xlfn.XMATCH($O34,Table8[Dimension Name Category],0),_xlfn.XMATCH(AG$2&IF($L34," w/ tag"," w/o tag"),Table8[#Headers],0)),"")} | AH34: =IF(OR($AG34="",$AG34=0),"",IF($A34=Column,"{Length}*XNUMBER({Dimension Group Name},"&$AG34&")/1000","{Length}*XNUMBER({Dimension Group Name},"&$AG34&")/1000*{Slope Factor}")) | AJ34: =IF(OR($A34=Column,$A34=""),"","Slope Length") -> Slope Length | AK34: =IF(OR($A34=Column,$A34=""),"","m") -> m | AL34: {=IF(INDEX(Table2[],_xlfn.XMATCH($A34,Table2[Steel Member],0),_xlfn.XMATCH(AL$2,Table2[#Headers],0))=0,"",INDEX(Table2[],_xlfn.XMATCH($A34,Table2[Steel Member],0),_xlfn.XMATCH(AL$2,Table2[#Headers],0)))} -> #N/A | AN34: =IF(OR($A34=Column,$A34=""),"","Slope Factor") -> Slope Factor | AP34: {=IF(INDEX(Table2[],_xlfn.XMATCH($A34,Table2[Steel Member],0),_xlfn.XMATCH(AP$2,Table2[#Headers],0))=0,"",INDEX(Table2[],_xlfn.XMATCH($A34,Table2[Steel Member],0),_xlfn.XMATCH(AP$2,Table2[#Headers],0)))} -> #N/A
A35: Purlins, Girths and Bracings | B35: CWB80d | E35: CUSTOM_800_F60_W30 | F35: {=IF(COUNT(FIND(PurlinsxGirthsxBracings,$C35))>0,0,ROUNDUP(IF(D35=0,0,VLOOKUP(D35,'DATA SHEET'!$B:$D,2,FALSE)),2))} -> 0 | G35: {=IF(COUNT(FIND(PurlinsxGirthsxBracings,$C35))>0,0,ROUNDUP(IF(D35=0,0,VLOOKUP(D35,'DATA SHEET'!$B:$D,3,FALSE)),2))} -> 0 | H35: ; Steel Grade: 400PLUS | I35: {=IF(AND(ISBLANK(B35),ISBLANK(C35),ISBLANK(E35)),0,IF(COUNT(FIND(PurlinsxGirthsxBracings,$C35))>0,IF(B35=0,CONCATENATE(E35," ",C35),CONCATENATE(B35," - ",E35," ",C35)),IF(B35=0,IF(ISBLANK(C35),E35,CONCATENATE(D35,", ",F35,"kg/m, ",G35,"mm surface perimeter")),IF(AND(ISBLANK(C35),ISTEXT(E35)),CONCATENATE(B35," - ",E35),IF(AND(ISBLANK(C35),ISBLANK(E35)),B35,CONCATENATE(B35," - ",D35,", ",F35,"kg/m, ",G35,"mm surface perimeter"))))&IF(ISBLANK(H35),"",H35)))} -> CWB80d - CUSTOM_800_F60_W30; Steel Grade: 400PLUS | L35: {=IF(COUNT(FIND({0,1,2,3,4,5,6,7,8,9},B35))>0,COUNT(FIND({0,1,2,3,4,5,6,7,8,9},B35))>0,"")} -> TRUE | M35: {=IFERROR(_xlfn.IFS(R35="Count",RANDBETWEEN(1,COUNTIF($R$11:$R$653,"Count")),R35="Length",RANDBETWEEN(1,COUNTIF($R$11:$R$653,"Length"))),"")} | N35: =IFERROR(_xlfn.RANK.EQ(M35,$M$11:$M$653)+COUNTIF($M$11:M35,M35)-1,"") | O35: =IF(A35='DATA SHEET'!$L$36,C35,IFERROR(IF(AND(ISTEXT(I35),ISBLANK(C35)),"No details",VLOOKUP(C35,DimFolder,2,FALSE)),"")) -> No details | P35: =IF(AND(ISBLANK(B35),ISBLANK(C35)),"",CONCATENATE("Structural\Structural Steel\",A35,"\",O35)) -> Structural\Structural Steel\Purlins, Girths and Bracings\No details | Q35: =IF(AND(ISBLANK(B35),ISBLANK(C35)),"",I35) -> CWB80d - CUSTOM_800_F60_W30; Steel Grade: 400PLUS | R35: {=IF(INDEX(Table2[],_xlfn.XMATCH($A35,Table2[Steel Member],0),_xlfn.XMATCH(R$2,Table2[#Headers],0))=0,"",INDEX(Table2[],_xlfn.XMATCH($A35,Table2[Steel Member],0),_xlfn.XMATCH(R$2,Table2[#Headers],0)))} -> #N/A | S35: {=IF(INDEX(Table2[],_xlfn.XMATCH($A35,Table2[Steel Member],0),_xlfn.XMATCH(S$2,Table2[#Headers],0))=0,"",INDEX(Table2[],_xlfn.XMATCH($A35,Table2[Steel Member],0),_xlfn.XMATCH(S$2,Table2[#Headers],0)))} -> #N/A | T35: =IF(AND(ISBLANK(B35),ISBLANK(C35)),"","t") -> t | U35: =VLOOKUP(N35,'COLOR CODE'!$B:$D,2,FALSE) -> #N/A | V35: =IF(AND(ISBLANK(B35),ISBLANK(C35)),"","Red") -> Red | W35: {=IF(INDEX(Table2[],_xlfn.XMATCH($A35,Table2[Steel Member],0),_xlfn.XMATCH(W$2,Table2[#Headers],0))=0,"",INDEX(Table2[],_xlfn.XMATCH($A35,Table2[Steel Member],0),_xlfn.XMATCH(W$2,Table2[#Headers],0)))} -> #N/A | X35: =W35 -> #N/A | Y35: {=IF(INDEX(Table2[],_xlfn.XMATCH($A35,Table2[Steel Member],0),_xlfn.XMATCH(Y$2,Table2[#Headers],0))=0,"",INDEX(Table2[],_xlfn.XMATCH($A35,Table2[Steel Member],0),_xlfn.XMATCH(Y$2,Table2[#Headers],0)))} -> #N/A | Z35: {=IF(INDEX(Table2[],_xlfn.XMATCH($A35,Table2[Steel Member],0),_xlfn.XMATCH(Z$2,Table2[#Headers],0))=0,"",INDEX(Table2[],_xlfn.XMATCH($A35,Table2[Steel Member],0),_xlfn.XMATCH(Z$2,Table2[#Headers],0)))} -> #N/A | AA35: {=IF(INDEX(Table2[],_xlfn.XMATCH($A35,Table2[Steel Member],0),_xlfn.XMATCH(AA$2,Table2[#Headers],0))=0,"",INDEX(Table2[],_xlfn.XMATCH($A35,Table2[Steel Member],0),_xlfn.XMATCH(AA$2,Table2[#Headers],0)))} -> #N/A | AB35: {=IF(INDEX(Table2[],_xlfn.XMATCH($A35,Table2[Steel Member],0),_xlfn.XMATCH(AB$2,Table2[#Headers],0))=0,"",INDEX(Table2[],_xlfn.XMATCH($A35,Table2[Steel Member],0),_xlfn.XMATCH(AB$2,Table2[#Headers],0)))} -> #N/A | AC35: {=IFERROR(INDEX(Table8[],_xlfn.XMATCH($O35,Table8[Dimension Name Category],0),_xlfn.XMATCH(AC$2&IF($L35," w/ tag"," w/o tag"),Table8[#Headers],0)),"")} | AD35: =IF(OR($AC35="",$AC35=0),"",IF($A35=Column,"{Length}*XNUMBER({Dimension Group Name},"&$AC35&")/1000","{Length}*XNUMBER({Dimension Group Name},"&$AC35&")/1000*{Slope Factor}")) | AE35: =IF(AND(ISBLANK(B35),ISBLANK(C35)),"",IF($A35=Purlins_Girths_Bracings,"","Steel Surface Area")) -> Steel Surface Area | AF35: =IF(AND(ISBLANK(B35),ISBLANK(C35)),"",IF($A35=Purlins_Girths_Bracings,"","m2")) -> m2 | AG35: {=IFERROR(INDEX(Table8[],_xlfn.XMATCH($O35,Table8[Dimension Name Category],0),_xlfn.XMATCH(AG$2&IF($L35," w/ tag"," w/o tag"),Table8[#Headers],0)),"")} | AH35: =IF(OR($AG35="",$AG35=0),"",IF($A35=Column,"{Length}*XNUMBER({Dimension Group Name},"&$AG35&")/1000","{Length}*XNUMBER({Dimension Group Name},"&$AG35&")/1000*{Slope Factor}")) | AJ35: =IF(OR($A35=Column,$A35=""),"","Slope Length") -> Slope Length | AK35: =IF(OR($A35=Column,$A35=""),"","m") -> m | AL35: {=IF(INDEX(Table2[],_xlfn.XMATCH($A35,Table2[Steel Member],0),_xlfn.XMATCH(AL$2,Table2[#Headers],0))=0,"",INDEX(Table2[],_xlfn.XMATCH($A35,Table2[Steel Member],0),_xlfn.XMATCH(AL$2,Table2[#Headers],0)))} -> #N/A | AN35: =IF(OR($A35=Column,$A35=""),"","Slope Factor") -> Slope Factor | AP35: {=IF(INDEX(Table2[],_xlfn.XMATCH($A35,Table2[Steel Member],0),_xlfn.XMATCH(AP$2,Table2[#Headers],0))=0,"",INDEX(Table2[],_xlfn.XMATCH($A35,Table2[Steel Member],0),_xlfn.XMATCH(AP$2,Table2[#Headers],0)))} -> #N/A
A36: Purlins, Girths and Bracings | B36: CWB90a | E36: CUSTOM_900_F40_W12 | F36: {=IF(COUNT(FIND(PurlinsxGirthsxBracings,$C36))>0,0,ROUNDUP(IF(D36=0,0,VLOOKUP(D36,'DATA SHEET'!$B:$D,2,FALSE)),2))} -> 0 | G36: {=IF(COUNT(FIND(PurlinsxGirthsxBracings,$C36))>0,0,ROUNDUP(IF(D36=0,0,VLOOKUP(D36,'DATA SHEET'!$B:$D,3,FALSE)),2))} -> 0 | H36: ; Steel Grade: 400PLUS | I36: {=IF(AND(ISBLANK(B36),ISBLANK(C36),ISBLANK(E36)),0,IF(COUNT(FIND(PurlinsxGirthsxBracings,$C36))>0,IF(B36=0,CONCATENATE(E36," ",C36),CONCATENATE(B36," - ",E36," ",C36)),IF(B36=0,IF(ISBLANK(C36),E36,CONCATENATE(D36,", ",F36,"kg/m, ",G36,"mm surface perimeter")),IF(AND(ISBLANK(C36),ISTEXT(E36)),CONCATENATE(B36," - ",E36),IF(AND(ISBLANK(C36),ISBLANK(E36)),B36,CONCATENATE(B36," - ",D36,", ",F36,"kg/m, ",G36,"mm surface perimeter"))))&IF(ISBLANK(H36),"",H36)))} -> CWB90a - CUSTOM_900_F40_W12; Steel Grade: 400PLUS | L36: {=IF(COUNT(FIND({0,1,2,3,4,5,6,7,8,9},B36))>0,COUNT(FIND({0,1,2,3,4,5,6,7,8,9},B36))>0,"")} -> TRUE | M36: {=IFERROR(_xlfn.IFS(R36="Count",RANDBETWEEN(1,COUNTIF($R$11:$R$653,"Count")),R36="Length",RANDBETWEEN(1,COUNTIF($R$11:$R$653,"Length"))),"")} | N36: =IFERROR(_xlfn.RANK.EQ(M36,$M$11:$M$653)+COUNTIF($M$11:M36,M36)-1,"") | O36: =IF(A36='DATA SHEET'!$L$36,C36,IFERROR(IF(AND(ISTEXT(I36),ISBLANK(C36)),"No details",VLOOKUP(C36,DimFolder,2,FALSE)),"")) -> No details | P36: =IF(AND(ISBLANK(B36),ISBLANK(C36)),"",CONCATENATE("Structural\Structural Steel\",A36,"\",O36)) -> Structural\Structural Steel\Purlins, Girths and Bracings\No details | Q36: =IF(AND(ISBLANK(B36),ISBLANK(C36)),"",I36) -> CWB90a - CUSTOM_900_F40_W12; Steel Grade: 400PLUS | R36: {=IF(INDEX(Table2[],_xlfn.XMATCH($A36,Table2[Steel Member],0),_xlfn.XMATCH(R$2,Table2[#Headers],0))=0,"",INDEX(Table2[],_xlfn.XMATCH($A36,Table2[Steel Member],0),_xlfn.XMATCH(R$2,Table2[#Headers],0)))} -> #N/A | S36: {=IF(INDEX(Table2[],_xlfn.XMATCH($A36,Table2[Steel Member],0),_xlfn.XMATCH(S$2,Table2[#Headers],0))=0,"",INDEX(Table2[],_xlfn.XMATCH($A36,Table2[Steel Member],0),_xlfn.XMATCH(S$2,Table2[#Headers],0)))} -> #N/A | T36: =IF(AND(ISBLANK(B36),ISBLANK(C36)),"","t") -> t | U36: =VLOOKUP(N36,'COLOR CODE'!$B:$D,2,FALSE) -> #N/A | V36: =IF(AND(ISBLANK(B36),ISBLANK(C36)),"","Red") -> Red | W36: {=IF(INDEX(Table2[],_xlfn.XMATCH($A36,Table2[Steel Member],0),_xlfn.XMATCH(W$2,Table2[#Headers],0))=0,"",INDEX(Table2[],_xlfn.XMATCH($A36,Table2[Steel Member],0),_xlfn.XMATCH(W$2,Table2[#Headers],0)))} -> #N/A | X36: =W36 -> #N/A | Y36: {=IF(INDEX(Table2[],_xlfn.XMATCH($A36,Table2[Steel Member],0),_xlfn.XMATCH(Y$2,Table2[#Headers],0))=0,"",INDEX(Table2[],_xlfn.XMATCH($A36,Table2[Steel Member],0),_xlfn.XMATCH(Y$2,Table2[#Headers],0)))} -> #N/A | Z36: {=IF(INDEX(Table2[],_xlfn.XMATCH($A36,Table2[Steel Member],0),_xlfn.XMATCH(Z$2,Table2[#Headers],0))=0,"",INDEX(Table2[],_xlfn.XMATCH($A36,Table2[Steel Member],0),_xlfn.XMATCH(Z$2,Table2[#Headers],0)))} -> #N/A | AA36: {=IF(INDEX(Table2[],_xlfn.XMATCH($A36,Table2[Steel Member],0),_xlfn.XMATCH(AA$2,Table2[#Headers],0))=0,"",INDEX(Table2[],_xlfn.XMATCH($A36,Table2[Steel Member],0),_xlfn.XMATCH(AA$2,Table2[#Headers],0)))} -> #N/A | AB36: {=IF(INDEX(Table2[],_xlfn.XMATCH($A36,Table2[Steel Member],0),_xlfn.XMATCH(AB$2,Table2[#Headers],0))=0,"",INDEX(Table2[],_xlfn.XMATCH($A36,Table2[Steel Member],0),_xlfn.XMATCH(AB$2,Table2[#Headers],0)))} -> #N/A | AC36: {=IFERROR(INDEX(Table8[],_xlfn.XMATCH($O36,Table8[Dimension Name Category],0),_xlfn.XMATCH(AC$2&IF($L36," w/ tag"," w/o tag"),Table8[#Headers],0)),"")} | AD36: =IF(OR($AC36="",$AC36=0),"",IF($A36=Column,"{Length}*XNUMBER({Dimension Group Name},"&$AC36&")/1000","{Length}*XNUMBER({Dimension Group Name},"&$AC36&")/1000*{Slope Factor}")) | AE36: =IF(AND(ISBLANK(B36),ISBLANK(C36)),"",IF($A36=Purlins_Girths_Bracings,"","Steel Surface Area")) -> Steel Surface Area | AF36: =IF(AND(ISBLANK(B36),ISBLANK(C36)),"",IF($A36=Purlins_Girths_Bracings,"","m2")) -> m2 | AG36: {=IFERROR(INDEX(Table8[],_xlfn.XMATCH($O36,Table8[Dimension Name Category],0),_xlfn.XMATCH(AG$2&IF($L36," w/ tag"," w/o tag"),Table8[#Headers],0)),"")} | AH36: =IF(OR($AG36="",$AG36=0),"",IF($A36=Column,"{Length}*XNUMBER({Dimension Group Name},"&$AG36&")/1000","{Length}*XNUMBER({Dimension Group Name},"&$AG36&")/1000*{Slope Factor}")) | AJ36: =IF(OR($A36=Column,$A36=""),"","Slope Length") -> Slope Length | AK36: =IF(OR($A36=Column,$A36=""),"","m") -> m | AL36: {=IF(INDEX(Table2[],_xlfn.XMATCH($A36,Table2[Steel Member],0),_xlfn.XMATCH(AL$2,Table2[#Headers],0))=0,"",INDEX(Table2[],_xlfn.XMATCH($A36,Table2[Steel Member],0),_xlfn.XMATCH(AL$2,Table2[#Headers],0)))} -> #N/A | AN36: =IF(OR($A36=Column,$A36=""),"","Slope Factor") -> Slope Factor | AP36: {=IF(INDEX(Table2[],_xlfn.XMATCH($A36,Table2[Steel Member],0),_xlfn.XMATCH(AP$2,Table2[#Headers],0))=0,"",INDEX(Table2[],_xlfn.XMATCH($A36,Table2[Steel Member],0),_xlfn.XMATCH(AP$2,Table2[#Headers],0)))} -> #N/A
A37: Purlins, Girths and Bracings | B37: CWB90b | E37: CUSTOM_900_F40_W20 | F37: {=IF(COUNT(FIND(PurlinsxGirthsxBracings,$C37))>0,0,ROUNDUP(IF(D37=0,0,VLOOKUP(D37,'DATA SHEET'!$B:$D,2,FALSE)),2))} -> 0 | G37: {=IF(COUNT(FIND(PurlinsxGirthsxBracings,$C37))>0,0,ROUNDUP(IF(D37=0,0,VLOOKUP(D37,'DATA SHEET'!$B:$D,3,FALSE)),2))} -> 0 | H37: ; Steel Grade: 400PLUS | I37: {=IF(AND(ISBLANK(B37),ISBLANK(C37),ISBLANK(E37)),0,IF(COUNT(FIND(PurlinsxGirthsxBracings,$C37))>0,IF(B37=0,CONCATENATE(E37," ",C37),CONCATENATE(B37," - ",E37," ",C37)),IF(B37=0,IF(ISBLANK(C37),E37,CONCATENATE(D37,", ",F37,"kg/m, ",G37,"mm surface perimeter")),IF(AND(ISBLANK(C37),ISTEXT(E37)),CONCATENATE(B37," - ",E37),IF(AND(ISBLANK(C37),ISBLANK(E37)),B37,CONCATENATE(B37," - ",D37,", ",F37,"kg/m, ",G37,"mm surface perimeter"))))&IF(ISBLANK(H37),"",H37)))} -> CWB90b - CUSTOM_900_F40_W20; Steel Grade: 400PLUS | L37: {=IF(COUNT(FIND({0,1,2,3,4,5,6,7,8,9},B37))>0,COUNT(FIND({0,1,2,3,4,5,6,7,8,9},B37))>0,"")} -> TRUE | M37: {=IFERROR(_xlfn.IFS(R37="Count",RANDBETWEEN(1,COUNTIF($R$11:$R$653,"Count")),R37="Length",RANDBETWEEN(1,COUNTIF($R$11:$R$653,"Length"))),"")} | N37: =IFERROR(_xlfn.RANK.EQ(M37,$M$11:$M$653)+COUNTIF($M$11:M37,M37)-1,"") | O37: =IF(A37='DATA SHEET'!$L$36,C37,IFERROR(IF(AND(ISTEXT(I37),ISBLANK(C37)),"No details",VLOOKUP(C37,DimFolder,2,FALSE)),"")) -> No details | P37: =IF(AND(ISBLANK(B37),ISBLANK(C37)),"",CONCATENATE("Structural\Structural Steel\",A37,"\",O37)) -> Structural\Structural Steel\Purlins, Girths and Bracings\No details | Q37: =IF(AND(ISBLANK(B37),ISBLANK(C37)),"",I37) -> CWB90b - CUSTOM_900_F40_W20; Steel Grade: 400PLUS | R37: {=IF(INDEX(Table2[],_xlfn.XMATCH($A37,Table2[Steel Member],0),_xlfn.XMATCH(R$2,Table2[#Headers],0))=0,"",INDEX(Table2[],_xlfn.XMATCH($A37,Table2[Steel Member],0),_xlfn.XMATCH(R$2,Table2[#Headers],0)))} -> #N/A | S37: {=IF(INDEX(Table2[],_xlfn.XMATCH($A37,Table2[Steel Member],0),_xlfn.XMATCH(S$2,Table2[#Headers],0))=0,"",INDEX(Table2[],_xlfn.XMATCH($A37,Table2[Steel Member],0),_xlfn.XMATCH(S$2,Table2[#Headers],0)))} -> #N/A | T37: =IF(AND(ISBLANK(B37),ISBLANK(C37)),"","t") -> t | U37: =VLOOKUP(N37,'COLOR CODE'!$B:$D,2,FALSE) -> #N/A | V37: =IF(AND(ISBLANK(B37),ISBLANK(C37)),"","Red") -> Red | W37: {=IF(INDEX(Table2[],_xlfn.XMATCH($A37,Table2[Steel Member],0),_xlfn.XMATCH(W$2,Table2[#Headers],0))=0,"",INDEX(Table2[],_xlfn.XMATCH($A37,Table2[Steel Member],0),_xlfn.XMATCH(W$2,Table2[#Headers],0)))} -> #N/A | X37: =W37 -> #N/A | Y37: {=IF(INDEX(Table2[],_xlfn.XMATCH($A37,Table2[Steel Member],0),_xlfn.XMATCH(Y$2,Table2[#Headers],0))=0,"",INDEX(Table2[],_xlfn.XMATCH($A37,Table2[Steel Member],0),_xlfn.XMATCH(Y$2,Table2[#Headers],0)))} -> #N/A | Z37: {=IF(INDEX(Table2[],_xlfn.XMATCH($A37,Table2[Steel Member],0),_xlfn.XMATCH(Z$2,Table2[#Headers],0))=0,"",INDEX(Table2[],_xlfn.XMATCH($A37,Table2[Steel Member],0),_xlfn.XMATCH(Z$2,Table2[#Headers],0)))} -> #N/A | AA37: {=IF(INDEX(Table2[],_xlfn.XMATCH($A37,Table2[Steel Member],0),_xlfn.XMATCH(AA$2,Table2[#Headers],0))=0,"",INDEX(Table2[],_xlfn.XMATCH($A37,Table2[Steel Member],0),_xlfn.XMATCH(AA$2,Table2[#Headers],0)))} -> #N/A | AB37: {=IF(INDEX(Table2[],_xlfn.XMATCH($A37,Table2[Steel Member],0),_xlfn.XMATCH(AB$2,Table2[#Headers],0))=0,"",INDEX(Table2[],_xlfn.XMATCH($A37,Table2[Steel Member],0),_xlfn.XMATCH(AB$2,Table2[#Headers],0)))} -> #N/A | AC37: {=IFERROR(INDEX(Table8[],_xlfn.XMATCH($O37,Table8[Dimension Name Category],0),_xlfn.XMATCH(AC$2&IF($L37," w/ tag"," w/o tag"),Table8[#Headers],0)),"")} | AD37: =IF(OR($AC37="",$AC37=0),"",IF($A37=Column,"{Length}*XNUMBER({Dimension Group Name},"&$AC37&")/1000","{Length}*XNUMBER({Dimension Group Name},"&$AC37&")/1000*{Slope Factor}")) | AE37: =IF(AND(ISBLANK(B37),ISBLANK(C37)),"",IF($A37=Purlins_Girths_Bracings,"","Steel Surface Area")) -> Steel Surface Area | AF37: =IF(AND(ISBLANK(B37),ISBLANK(C37)),"",IF($A37=Purlins_Girths_Bracings,"","m2")) -> m2 | AG37: {=IFERROR(INDEX(Table8[],_xlfn.XMATCH($O37,Table8[Dimension Name Category],0),_xlfn.XMATCH(AG$2&IF($L37," w/ tag"," w/o tag"),Table8[#Headers],0)),"")} | AH37: =IF(OR($AG37="",$AG37=0),"",IF($A37=Column,"{Length}*XNUMBER({Dimension Group Name},"&$AG37&")/1000","{Length}*XNUMBER({Dimension Group Name},"&$AG37&")/1000*{Slope Factor}")) | AJ37: =IF(OR($A37=Column,$A37=""),"","Slope Length") -> Slope Length | AK37: =IF(OR($A37=Column,$A37=""),"","m") -> m | AL37: {=IF(INDEX(Table2[],_xlfn.XMATCH($A37,Table2[Steel Member],0),_xlfn.XMATCH(AL$2,Table2[#Headers],0))=0,"",INDEX(Table2[],_xlfn.XMATCH($A37,Table2[Steel Member],0),_xlfn.XMATCH(AL$2,Table2[#Headers],0)))} -> #N/A | AN37: =IF(OR($A37=Column,$A37=""),"","Slope Factor") -> Slope Factor | AP37: {=IF(INDEX(Table2[],_xlfn.XMATCH($A37,Table2[Steel Member],0),_xlfn.XMATCH(AP$2,Table2[#Headers],0))=0,"",INDEX(Table2[],_xlfn.XMATCH($A37,Table2[Steel Member],0),_xlfn.XMATCH(AP$2,Table2[#Headers],0)))} -> #N/A
... A41: Purlins, Girths and Bracings | B41: CWB120b | E41: CUSTOM_1500_F80_W85 | F41: {=IF(COUNT(FIND(PurlinsxGirthsxBracings,$C41))>0,0,ROUNDUP(IF(D41=0,0,VLOOKUP(D41,'DATA SHEET'!$B:$D,2,FALSE)),2))} -> 0 | G41: {=IF(COUNT(FIND(PurlinsxGirthsxBracings,$C41))>0,0,ROUNDUP(IF(D41=0,0,VLOOKUP(D41,'DATA SHEET'!$B:$D,3,FALSE)),2))} -> 0 | H41: ; Steel Grade: 400PLUS | I41: {=IF(AND(ISBLANK(B41),ISBLANK(C41),ISBLANK(E41)),0,IF(COUNT(FIND(PurlinsxGirthsxBracings,$C41))>0,IF(B41=0,CONCATENATE(E41," ",C41),CONCATENATE(B41," - ",E41," ",C41)),IF(B41=0,IF(ISBLANK(C41),E41,CONCATENATE(D41,", ",F41,"kg/m, ",G41,"mm surface perimeter")),IF(AND(ISBLANK(C41),ISTEXT(E41)),CONCATENATE(B41," - ",E41),IF(AND(ISBLANK(C41),ISBLANK(E41)),B41,CONCATENATE(B41," - ",D41,", ",F41,"kg/m, ",G41,"mm surface perimeter"))))&IF(ISBLANK(H41),"",H41)))} -> CWB120b - CUSTOM_1500_F80_W85; Steel Grade: 400PLUS | L41: {=IF(COUNT(FIND({0,1,2,3,4,5,6,7,8,9},B41))>0,COUNT(FIND({0,1,2,3,4,5,6,7,8,9},B41))>0,"")} -> TRUE | M41: {=IFERROR(_xlfn.IFS(R41="Count",RANDBETWEEN(1,COUNTIF($R$11:$R$653,"Count")),R41="Length",RANDBETWEEN(1,COUNTIF($R$11:$R$653,"Length"))),"")} | N41: =IFERROR(_xlfn.RANK.EQ(M41,$M$11:$M$653)+COUNTIF($M$11:M41,M41)-1,"") | O41: =IF(A41='DATA SHEET'!$L$36,C41,IFERROR(IF(AND(ISTEXT(I41),ISBLANK(C41)),"No details",VLOOKUP(C41,DimFolder,2,FALSE)),"")) -> No details | P41: =IF(AND(ISBLANK(B41),ISBLANK(C41)),"",CONCATENATE("Structural\Structural Steel\",A41,"\",O41)) -> Structural\Structural Steel\Purlins, Girths and Bracings\No details | Q41: =IF(AND(ISBLANK(B41),ISBLANK(C41)),"",I41) -> CWB120b - CUSTOM_1500_F80_W85; Steel Grade: 400PLUS | R41: {=IF(INDEX(Table2[],_xlfn.XMATCH($A41,Table2[Steel Member],0),_xlfn.XMATCH(R$2,Table2[#Headers],0))=0,"",INDEX(Table2[],_xlfn.XMATCH($A41,Table2[Steel Member],0),_xlfn.XMATCH(R$2,Table2[#Headers],0)))} -> #N/A | S41: {=IF(INDEX(Table2[],_xlfn.XMATCH($A41,Table2[Steel Member],0),_xlfn.XMATCH(S$2,Table2[#Headers],0))=0,"",INDEX(Table2[],_xlfn.XMATCH($A41,Table2[Steel Member],0),_xlfn.XMATCH(S$2,Table2[#Headers],0)))} -> #N/A | T41: =IF(AND(ISBLANK(B41),ISBLANK(C41)),"","t") -> t | U41: =VLOOKUP(N41,'COLOR CODE'!$B:$D,2,FALSE) -> #N/A | V41: =IF(AND(ISBLANK(B41),ISBLANK(C41)),"","Red") -> Red | W41: {=IF(INDEX(Table2[],_xlfn.XMATCH($A41,Table2[Steel Member],0),_xlfn.XMATCH(W$2,Table2[#Headers],0))=0,"",INDEX(Table2[],_xlfn.XMATCH($A41,Table2[Steel Member],0),_xlfn.XMATCH(W$2,Table2[#Headers],0)))} -> #N/A | X41: =W41 -> #N/A | Y41: {=IF(INDEX(Table2[],_xlfn.XMATCH($A41,Table2[Steel Member],0),_xlfn.XMATCH(Y$2,Table2[#Headers],0))=0,"",INDEX(Table2[],_xlfn.XMATCH($A41,Table2[Steel Member],0),_xlfn.XMATCH(Y$2,Table2[#Headers],0)))} -> #N/A | Z41: {=IF(INDEX(Table2[],_xlfn.XMATCH($A41,Table2[Steel Member],0),_xlfn.XMATCH(Z$2,Table2[#Headers],0))=0,"",INDEX(Table2[],_xlfn.XMATCH($A41,Table2[Steel Member],0),_xlfn.XMATCH(Z$2,Table2[#Headers],0)))} -> #N/A | AA41: {=IF(INDEX(Table2[],_xlfn.XMATCH($A41,Table2[Steel Member],0),_xlfn.XMATCH(AA$2,Table2[#Headers],0))=0,"",INDEX(Table2[],_xlfn.XMATCH($A41,Table2[Steel Member],0),_xlfn.XMATCH(AA$2,Table2[#Headers],0)))} -> #N/A | AB41: {=IF(INDEX(Table2[],_xlfn.XMATCH($A41,Table2[Steel Member],0),_xlfn.XMATCH(AB$2,Table2[#Headers],0))=0,"",INDEX(Table2[],_xlfn.XMATCH($A41,Table2[Steel Member],0),_xlfn.XMATCH(AB$2,Table2[#Headers],0)))} -> #N/A | AC41: {=IFERROR(INDEX(Table8[],_xlfn.XMATCH($O41,Table8[Dimension Name Category],0),_xlfn.XMATCH(AC$2&IF($L41," w/ tag"," w/o tag"),Table8[#Headers],0)),"")} | AD41: =IF(OR($AC41="",$AC41=0),"",IF($A41=Column,"{Length}*XNUMBER({Dimension Group Name},"&$AC41&")/1000","{Length}*XNUMBER({Dimension Group Name},"&$AC41&")/1000*{Slope Factor}")) | AE41: =IF(AND(ISBLANK(B41),ISBLANK(C41)),"",IF($A41=Purlins_Girths_Bracings,"","Steel Surface Area")) -> Steel Surface Area | AF41: =IF(AND(ISBLANK(B41),ISBLANK(C41)),"",IF($A41=Purlins_Girths_Bracings,"","m2")) -> m2 | AG41: {=IFERROR(INDEX(Table8[],_xlfn.XMATCH($O41,Table8[Dimension Name Category],0),_xlfn.XMATCH(AG$2&IF($L41," w/ tag"," w/o tag"),Table8[#Headers],0)),"")} | AH41: =IF(OR($AG41="",$AG41=0),"",IF($A41=Column,"{Length}*XNUMBER({Dimension Group Name},"&$AG41&")/1000","{Length}*XNUMBER({Dimension Group Name},"&$AG41&")/1000*{Slope Factor}")) | AJ41: =IF(OR($A41=Column,$A41=""),"","Slope Length") -> Slope Length | AK41: =IF(OR($A41=Column,$A41=""),"","m") -> m | AL41: {=IF(INDEX(Table2[],_xlfn.XMATCH($A41,Table2[Steel Member],0),_xlfn.XMATCH(AL$2,Table2[#Headers],0))=0,"",INDEX(Table2[],_xlfn.XMATCH($A41,Table2[Steel Member],0),_xlfn.XMATCH(AL$2,Table2[#Headers],0)))} -> #N/A | AN41: =IF(OR($A41=Column,$A41=""),"","Slope Factor") -> Slope Factor | AP41: {=IF(INDEX(Table2[],_xlfn.XMATCH($A41,Table2[Steel Member],0),_xlfn.XMATCH(AP$2,Table2[#Headers],0))=0,"",INDEX(Table2[],_xlfn.XMATCH($A41,Table2[Steel Member],0),_xlfn.XMATCH(AP$2,Table2[#Headers],0)))} -> #N/A
F42: {=IF(COUNT(FIND(PurlinsxGirthsxBracings,$C42))>0,0,ROUNDUP(IF(D42=0,0,VLOOKUP(D42,'DATA SHEET'!$B:$D,2,FALSE)),2))} -> 0 | G42: {=IF(COUNT(FIND(PurlinsxGirthsxBracings,$C42))>0,0,ROUNDUP(IF(D42=0,0,VLOOKUP(D42,'DATA SHEET'!$B:$D,3,FALSE)),2))} -> 0 | I42: {=IF(AND(ISBLANK(B42),ISBLANK(C42),ISBLANK(E42)),0,IF(COUNT(FIND(PurlinsxGirthsxBracings,$C42))>0,IF(B42=0,CONCATENATE(E42," ",C42),CONCATENATE(B42," - ",E42," ",C42)),IF(B42=0,IF(ISBLANK(C42),E42,CONCATENATE(D42,", ",F42,"kg/m, ",G42,"mm surface perimeter")),IF(AND(ISBLANK(C42),ISTEXT(E42)),CONCATENATE(B42," - ",E42),IF(AND(ISBLANK(C42),ISBLANK(E42)),B42,CONCATENATE(B42," - ",D42,", ",F42,"kg/m, ",G42,"mm surface perimeter"))))&IF(ISBLANK(H42),"",H42)))} -> 0 | L42: {=IF(COUNT(FIND({0,1,2,3,4,5,6,7,8,9},B42))>0,COUNT(FIND({0,1,2,3,4,5,6,7,8,9},B42))>0,"")} | M42: {=IFERROR(_xlfn.IFS(R42="Count",RANDBETWEEN(1,COUNTIF($R$11:$R$653,"Count")),R42="Length",RANDBETWEEN(1,COUNTIF($R$11:$R$653,"Length"))),"")} | N42: =IFERROR(_xlfn.RANK.EQ(M42,$M$11:$M$653)+COUNTIF($M$11:M42,M42)-1,"") | O42: =IF(A42='DATA SHEET'!$L$36,C42,IFERROR(IF(AND(ISTEXT(I42),ISBLANK(C42)),"No details",VLOOKUP(C42,DimFolder,2,FALSE)),"")) | P42: =IF(AND(ISBLANK(B42),ISBLANK(C42)),"",CONCATENATE("Structural\Structural Steel\",A42,"\",O42)) | Q42: =IF(AND(ISBLANK(B42),ISBLANK(C42)),"",I42) | R42: {=IF(INDEX(Table2[],_xlfn.XMATCH($A42,Table2[Steel Member],0),_xlfn.XMATCH(R$2,Table2[#Headers],0))=0,"",INDEX(Table2[],_xlfn.XMATCH($A42,Table2[Steel Member],0),_xlfn.XMATCH(R$2,Table2[#Headers],0)))} -> #N/A | S42: {=IF(INDEX(Table2[],_xlfn.XMATCH($A42,Table2[Steel Member],0),_xlfn.XMATCH(S$2,Table2[#Headers],0))=0,"",INDEX(Table2[],_xlfn.XMATCH($A42,Table2[Steel Member],0),_xlfn.XMATCH(S$2,Table2[#Headers],0)))} -> #N/A | T42: =IF(AND(ISBLANK(B42),ISBLANK(C42)),"","t") | U42: =VLOOKUP(N42,'COLOR CODE'!$B:$D,2,FALSE) -> #N/A | V42: =IF(AND(ISBLANK(B42),ISBLANK(C42)),"","Red") | W42: {=IF(INDEX(Table2[],_xlfn.XMATCH($A42,Table2[Steel Member],0),_xlfn.XMATCH(W$2,Table2[#Headers],0))=0,"",INDEX(Table2[],_xlfn.XMATCH($A42,Table2[Steel Member],0),_xlfn.XMATCH(W$2,Table2[#Headers],0)))} -> #N/A | X42: =W42 -> #N/A | Y42: {=IF(INDEX(Table2[],_xlfn.XMATCH($A42,Table2[Steel Member],0),_xlfn.XMATCH(Y$2,Table2[#Headers],0))=0,"",INDEX(Table2[],_xlfn.XMATCH($A42,Table2[Steel Member],0),_xlfn.XMATCH(Y$2,Table2[#Headers],0)))} -> #N/A | Z42: {=IF(INDEX(Table2[],_xlfn.XMATCH($A42,Table2[Steel Member],0),_xlfn.XMATCH(Z$2,Table2[#Headers],0))=0,"",INDEX(Table2[],_xlfn.XMATCH($A42,Table2[Steel Member],0),_xlfn.XMATCH(Z$2,Table2[#Headers],0)))} -> #N/A | AA42: {=IF(INDEX(Table2[],_xlfn.XMATCH($A42,Table2[Steel Member],0),_xlfn.XMATCH(AA$2,Table2[#Headers],0))=0,"",INDEX(Table2[],_xlfn.XMATCH($A42,Table2[Steel Member],0),_xlfn.XMATCH(AA$2,Table2[#Headers],0)))} -> #N/A | AB42: {=IF(INDEX(Table2[],_xlfn.XMATCH($A42,Table2[Steel Member],0),_xlfn.XMATCH(AB$2,Table2[#Headers],0))=0,"",INDEX(Table2[],_xlfn.XMATCH($A42,Table2[Steel Member],0),_xlfn.XMATCH(AB$2,Table2[#Headers],0)))} -> #N/A | AC42: {=IFERROR(INDEX(Table8[],_xlfn.XMATCH($O42,Table8[Dimension Name Category],0),_xlfn.XMATCH(AC$2&IF($L42," w/ tag"," w/o tag"),Table8[#Headers],0)),"")} | AD42: =IF(OR($AC42="",$AC42=0),"",IF($A42=Column,"{Length}*XNUMBER({Dimension Group Name},"&$AC42&")/1000","{Length}*XNUMBER({Dimension Group Name},"&$AC42&")/1000*{Slope Factor}")) | AE42: =IF(AND(ISBLANK(B42),ISBLANK(C42)),"",IF($A42=Purlins_Girths_Bracings,"","Steel Surface Area")) | AF42: =IF(AND(ISBLANK(B42),ISBLANK(C42)),"",IF($A42=Purlins_Girths_Bracings,"","m2")) | AG42: {=IFERROR(INDEX(Table8[],_xlfn.XMATCH($O42,Table8[Dimension Name Category],0),_xlfn.XMATCH(AG$2&IF($L42," w/ tag"," w/o tag"),Table8[#Headers],0)),"")} | AH42: =IF(OR($AG42="",$AG42=0),"",IF($A42=Column,"{Length}*XNUMBER({Dimension Group Name},"&$AG42&")/1000","{Length}*XNUMBER({Dimension Group Name},"&$AG42&")/1000*{Slope Factor}")) | AJ42: =IF(OR($A42=Column,$A42=""),"","Slope Length") | AK42: =IF(OR($A42=Column,$A42=""),"","m") | AL42: {=IF(INDEX(Table2[],_xlfn.XMATCH($A42,Table2[Steel Member],0),_xlfn.XMATCH(AL$2,Table2[#Headers],0))=0,"",INDEX(Table2[],_xlfn.XMATCH($A42,Table2[Steel Member],0),_xlfn.XMATCH(AL$2,Table2[#Headers],0)))} -> #N/A | AN42: =IF(OR($A42=Column,$A42=""),"","Slope Factor") | AP42: {=IF(INDEX(Table2[],_xlfn.XMATCH($A42,Table2[Steel Member],0),_xlfn.XMATCH(AP$2,Table2[#Headers],0))=0,"",INDEX(Table2[],_xlfn.XMATCH($A42,Table2[Steel Member],0),_xlfn.XMATCH(AP$2,Table2[#Headers],0)))} -> #N/A
F43: {=IF(COUNT(FIND(PurlinsxGirthsxBracings,$C43))>0,0,ROUNDUP(IF(D43=0,0,VLOOKUP(D43,'DATA SHEET'!$B:$D,2,FALSE)),2))} -> 0 | G43: {=IF(COUNT(FIND(PurlinsxGirthsxBracings,$C43))>0,0,ROUNDUP(IF(D43=0,0,VLOOKUP(D43,'DATA SHEET'!$B:$D,3,FALSE)),2))} -> 0 | I43: {=IF(AND(ISBLANK(B43),ISBLANK(C43),ISBLANK(E43)),0,IF(COUNT(FIND(PurlinsxGirthsxBracings,$C43))>0,IF(B43=0,CONCATENATE(E43," ",C43),CONCATENATE(B43," - ",E43," ",C43)),IF(B43=0,IF(ISBLANK(C43),E43,CONCATENATE(D43,", ",F43,"kg/m, ",G43,"mm surface perimeter")),IF(AND(ISBLANK(C43),ISTEXT(E43)),CONCATENATE(B43," - ",E43),IF(AND(ISBLANK(C43),ISBLANK(E43)),B43,CONCATENATE(B43," - ",D43,", ",F43,"kg/m, ",G43,"mm surface perimeter"))))&IF(ISBLANK(H43),"",H43)))} -> 0 | L43: {=IF(COUNT(FIND({0,1,2,3,4,5,6,7,8,9},B43))>0,COUNT(FIND({0,1,2,3,4,5,6,7,8,9},B43))>0,"")} | M43: {=IFERROR(_xlfn.IFS(R43="Count",RANDBETWEEN(1,COUNTIF($R$11:$R$653,"Count")),R43="Length",RANDBETWEEN(1,COUNTIF($R$11:$R$653,"Length"))),"")} | N43: =IFERROR(_xlfn.RANK.EQ(M43,$M$11:$M$653)+COUNTIF($M$11:M43,M43)-1,"") | O43: =IF(A43='DATA SHEET'!$L$36,C43,IFERROR(IF(AND(ISTEXT(I43),ISBLANK(C43)),"No details",VLOOKUP(C43,DimFolder,2,FALSE)),"")) | P43: =IF(AND(ISBLANK(B43),ISBLANK(C43)),"",CONCATENATE("Structural\Structural Steel\",A43,"\",O43)) | Q43: =IF(AND(ISBLANK(B43),ISBLANK(C43)),"",I43) | R43: {=IF(INDEX(Table2[],_xlfn.XMATCH($A43,Table2[Steel Member],0),_xlfn.XMATCH(R$2,Table2[#Headers],0))=0,"",INDEX(Table2[],_xlfn.XMATCH($A43,Table2[Steel Member],0),_xlfn.XMATCH(R$2,Table2[#Headers],0)))} -> #N/A | S43: {=IF(INDEX(Table2[],_xlfn.XMATCH($A43,Table2[Steel Member],0),_xlfn.XMATCH(S$2,Table2[#Headers],0))=0,"",INDEX(Table2[],_xlfn.XMATCH($A43,Table2[Steel Member],0),_xlfn.XMATCH(S$2,Table2[#Headers],0)))} -> #N/A | T43: =IF(AND(ISBLANK(B43),ISBLANK(C43)),"","t") | U43: =VLOOKUP(N43,'COLOR CODE'!$B:$D,2,FALSE) -> #N/A | V43: =IF(AND(ISBLANK(B43),ISBLANK(C43)),"","Red") | W43: {=IF(INDEX(Table2[],_xlfn.XMATCH($A43,Table2[Steel Member],0),_xlfn.XMATCH(W$2,Table2[#Headers],0))=0,"",INDEX(Table2[],_xlfn.XMATCH($A43,Table2[Steel Member],0),_xlfn.XMATCH(W$2,Table2[#Headers],0)))} -> #N/A | X43: =W43 -> #N/A | Y43: {=IF(INDEX(Table2[],_xlfn.XMATCH($A43,Table2[Steel Member],0),_xlfn.XMATCH(Y$2,Table2[#Headers],0))=0,"",INDEX(Table2[],_xlfn.XMATCH($A43,Table2[Steel Member],0),_xlfn.XMATCH(Y$2,Table2[#Headers],0)))} -> #N/A | Z43: {=IF(INDEX(Table2[],_xlfn.XMATCH($A43,Table2[Steel Member],0),_xlfn.XMATCH(Z$2,Table2[#Headers],0))=0,"",INDEX(Table2[],_xlfn.XMATCH($A43,Table2[Steel Member],0),_xlfn.XMATCH(Z$2,Table2[#Headers],0)))} -> #N/A | AA43: {=IF(INDEX(Table2[],_xlfn.XMATCH($A43,Table2[Steel Member],0),_xlfn.XMATCH(AA$2,Table2[#Headers],0))=0,"",INDEX(Table2[],_xlfn.XMATCH($A43,Table2[Steel Member],0),_xlfn.XMATCH(AA$2,Table2[#Headers],0)))} -> #N/A | AB43: {=IF(INDEX(Table2[],_xlfn.XMATCH($A43,Table2[Steel Member],0),_xlfn.XMATCH(AB$2,Table2[#Headers],0))=0,"",INDEX(Table2[],_xlfn.XMATCH($A43,Table2[Steel Member],0),_xlfn.XMATCH(AB$2,Table2[#Headers],0)))} -> #N/A | AC43: {=IFERROR(INDEX(Table8[],_xlfn.XMATCH($O43,Table8[Dimension Name Category],0),_xlfn.XMATCH(AC$2&IF($L43," w/ tag"," w/o tag"),Table8[#Headers],0)),"")} | AD43: =IF(OR($AC43="",$AC43=0),"",IF($A43=Column,"{Length}*XNUMBER({Dimension Group Name},"&$AC43&")/1000","{Length}*XNUMBER({Dimension Group Name},"&$AC43&")/1000*{Slope Factor}")) | AE43: =IF(AND(ISBLANK(B43),ISBLANK(C43)),"",IF($A43=Purlins_Girths_Bracings,"","Steel Surface Area")) | AF43: =IF(AND(ISBLANK(B43),ISBLANK(C43)),"",IF($A43=Purlins_Girths_Bracings,"","m2")) | AG43: {=IFERROR(INDEX(Table8[],_xlfn.XMATCH($O43,Table8[Dimension Name Category],0),_xlfn.XMATCH(AG$2&IF($L43," w/ tag"," w/o tag"),Table8[#Headers],0)),"")} | AH43: =IF(OR($AG43="",$AG43=0),"",IF($A43=Column,"{Length}*XNUMBER({Dimension Group Name},"&$AG43&")/1000","{Length}*XNUMBER({Dimension Group Name},"&$AG43&")/1000*{Slope Factor}")) | AJ43: =IF(OR($A43=Column,$A43=""),"","Slope Length") | AK43: =IF(OR($A43=Column,$A43=""),"","m") | AL43: {=IF(INDEX(Table2[],_xlfn.XMATCH($A43,Table2[Steel Member],0),_xlfn.XMATCH(AL$2,Table2[#Headers],0))=0,"",INDEX(Table2[],_xlfn.XMATCH($A43,Table2[Steel Member],0),_xlfn.XMATCH(AL$2,Table2[#Headers],0)))} -> #N/A | AN43: =IF(OR($A43=Column,$A43=""),"","Slope Factor") | AP43: {=IF(INDEX(Table2[],_xlfn.XMATCH($A43,Table2[Steel Member],0),_xlfn.XMATCH(AP$2,Table2[#Headers],0))=0,"",INDEX(Table2[],_xlfn.XMATCH($A43,Table2[Steel Member],0),_xlfn.XMATCH(AP$2,Table2[#Headers],0)))} -> #N/A
F44: {=IF(COUNT(FIND(PurlinsxGirthsxBracings,$C44))>0,0,ROUNDUP(IF(D44=0,0,VLOOKUP(D44,'DATA SHEET'!$B:$D,2,FALSE)),2))} -> 0 | G44: {=IF(COUNT(FIND(PurlinsxGirthsxBracings,$C44))>0,0,ROUNDUP(IF(D44=0,0,VLOOKUP(D44,'DATA SHEET'!$B:$D,3,FALSE)),2))} -> 0 | I44: {=IF(AND(ISBLANK(B44),ISBLANK(C44),ISBLANK(E44)),0,IF(COUNT(FIND(PurlinsxGirthsxBracings,$C44))>0,IF(B44=0,CONCATENATE(E44," ",C44),CONCATENATE(B44," - ",E44," ",C44)),IF(B44=0,IF(ISBLANK(C44),E44,CONCATENATE(D44,", ",F44,"kg/m, ",G44,"mm surface perimeter")),IF(AND(ISBLANK(C44),ISTEXT(E44)),CONCATENATE(B44," - ",E44),IF(AND(ISBLANK(C44),ISBLANK(E44)),B44,CONCATENATE(B44," - ",D44,", ",F44,"kg/m, ",G44,"mm surface perimeter"))))&IF(ISBLANK(H44),"",H44)))} -> 0 | L44: {=IF(COUNT(FIND({0,1,2,3,4,5,6,7,8,9},B44))>0,COUNT(FIND({0,1,2,3,4,5,6,7,8,9},B44))>0,"")} | M44: {=IFERROR(_xlfn.IFS(R44="Count",RANDBETWEEN(1,COUNTIF($R$11:$R$653,"Count")),R44="Length",RANDBETWEEN(1,COUNTIF($R$11:$R$653,"Length"))),"")} | N44: =IFERROR(_xlfn.RANK.EQ(M44,$M$11:$M$653)+COUNTIF($M$11:M44,M44)-1,"") | O44: =IF(A44='DATA SHEET'!$L$36,C44,IFERROR(IF(AND(ISTEXT(I44),ISBLANK(C44)),"No details",VLOOKUP(C44,DimFolder,2,FALSE)),"")) | P44: =IF(AND(ISBLANK(B44),ISBLANK(C44)),"",CONCATENATE("Structural\Structural Steel\",A44,"\",O44)) | Q44: =IF(AND(ISBLANK(B44),ISBLANK(C44)),"",I44) | R44: {=IF(INDEX(Table2[],_xlfn.XMATCH($A44,Table2[Steel Member],0),_xlfn.XMATCH(R$2,Table2[#Headers],0))=0,"",INDEX(Table2[],_xlfn.XMATCH($A44,Table2[Steel Member],0),_xlfn.XMATCH(R$2,Table2[#Headers],0)))} -> #N/A | S44: {=IF(INDEX(Table2[],_xlfn.XMATCH($A44,Table2[Steel Member],0),_xlfn.XMATCH(S$2,Table2[#Headers],0))=0,"",INDEX(Table2[],_xlfn.XMATCH($A44,Table2[Steel Member],0),_xlfn.XMATCH(S$2,Table2[#Headers],0)))} -> #N/A | T44: =IF(AND(ISBLANK(B44),ISBLANK(C44)),"","t") | U44: =VLOOKUP(N44,'COLOR CODE'!$B:$D,2,FALSE) -> #N/A | V44: =IF(AND(ISBLANK(B44),ISBLANK(C44)),"","Red") | W44: {=IF(INDEX(Table2[],_xlfn.XMATCH($A44,Table2[Steel Member],0),_xlfn.XMATCH(W$2,Table2[#Headers],0))=0,"",INDEX(Table2[],_xlfn.XMATCH($A44,Table2[Steel Member],0),_xlfn.XMATCH(W$2,Table2[#Headers],0)))} -> #N/A | X44: =W44 -> #N/A | Y44: {=IF(INDEX(Table2[],_xlfn.XMATCH($A44,Table2[Steel Member],0),_xlfn.XMATCH(Y$2,Table2[#Headers],0))=0,"",INDEX(Table2[],_xlfn.XMATCH($A44,Table2[Steel Member],0),_xlfn.XMATCH(Y$2,Table2[#Headers],0)))} -> #N/A | Z44: {=IF(INDEX(Table2[],_xlfn.XMATCH($A44,Table2[Steel Member],0),_xlfn.XMATCH(Z$2,Table2[#Headers],0))=0,"",INDEX(Table2[],_xlfn.XMATCH($A44,Table2[Steel Member],0),_xlfn.XMATCH(Z$2,Table2[#Headers],0)))} -> #N/A | AA44: {=IF(INDEX(Table2[],_xlfn.XMATCH($A44,Table2[Steel Member],0),_xlfn.XMATCH(AA$2,Table2[#Headers],0))=0,"",INDEX(Table2[],_xlfn.XMATCH($A44,Table2[Steel Member],0),_xlfn.XMATCH(AA$2,Table2[#Headers],0)))} -> #N/A | AB44: {=IF(INDEX(Table2[],_xlfn.XMATCH($A44,Table2[Steel Member],0),_xlfn.XMATCH(AB$2,Table2[#Headers],0))=0,"",INDEX(Table2[],_xlfn.XMATCH($A44,Table2[Steel Member],0),_xlfn.XMATCH(AB$2,Table2[#Headers],0)))} -> #N/A | AC44: {=IFERROR(INDEX(Table8[],_xlfn.XMATCH($O44,Table8[Dimension Name Category],0),_xlfn.XMATCH(AC$2&IF($L44," w/ tag"," w/o tag"),Table8[#Headers],0)),"")} | AD44: =IF(OR($AC44="",$AC44=0),"",IF($A44=Column,"{Length}*XNUMBER({Dimension Group Name},"&$AC44&")/1000","{Length}*XNUMBER({Dimension Group Name},"&$AC44&")/1000*{Slope Factor}")) | AE44: =IF(AND(ISBLANK(B44),ISBLANK(C44)),"",IF($A44=Purlins_Girths_Bracings,"","Steel Surface Area")) | AF44: =IF(AND(ISBLANK(B44),ISBLANK(C44)),"",IF($A44=Purlins_Girths_Bracings,"","m2")) | AG44: {=IFERROR(INDEX(Table8[],_xlfn.XMATCH($O44,Table8[Dimension Name Category],0),_xlfn.XMATCH(AG$2&IF($L44," w/ tag"," w/o tag"),Table8[#Headers],0)),"")} | AH44: =IF(OR($AG44="",$AG44=0),"",IF($A44=Column,"{Length}*XNUMBER({Dimension Group Name},"&$AG44&")/1000","{Length}*XNUMBER({Dimension Group Name},"&$AG44&")/1000*{Slope Factor}")) | AJ44: =IF(OR($A44=Column,$A44=""),"","Slope Length") | AK44: =IF(OR($A44=Column,$A44=""),"","m") | AL44: {=IF(INDEX(Table2[],_xlfn.XMATCH($A44,Table2[Steel Member],0),_xlfn.XMATCH(AL$2,Table2[#Headers],0))=0,"",INDEX(Table2[],_xlfn.XMATCH($A44,Table2[Steel Member],0),_xlfn.XMATCH(AL$2,Table2[#Headers],0)))} -> #N/A | AN44: =IF(OR($A44=Column,$A44=""),"","Slope Factor") | AP44: {=IF(INDEX(Table2[],_xlfn.XMATCH($A44,Table2[Steel Member],0),_xlfn.XMATCH(AP$2,Table2[#Headers],0))=0,"",INDEX(Table2[],_xlfn.XMATCH($A44,Table2[Steel Member],0),_xlfn.XMATCH(AP$2,Table2[#Headers],0)))} -> #N/A
F45: {=IF(COUNT(FIND(PurlinsxGirthsxBracings,$C45))>0,0,ROUNDUP(IF(D45=0,0,VLOOKUP(D45,'DATA SHEET'!$B:$D,2,FALSE)),2))} -> 0 | G45: {=IF(COUNT(FIND(PurlinsxGirthsxBracings,$C45))>0,0,ROUNDUP(IF(D45=0,0,VLOOKUP(D45,'DATA SHEET'!$B:$D,3,FALSE)),2))} -> 0 | I45: {=IF(AND(ISBLANK(B45),ISBLANK(C45),ISBLANK(E45)),0,IF(COUNT(FIND(PurlinsxGirthsxBracings,$C45))>0,IF(B45=0,CONCATENATE(E45," ",C45),CONCATENATE(B45," - ",E45," ",C45)),IF(B45=0,IF(ISBLANK(C45),E45,CONCATENATE(D45,", ",F45,"kg/m, ",G45,"mm surface perimeter")),IF(AND(ISBLANK(C45),ISTEXT(E45)),CONCATENATE(B45," - ",E45),IF(AND(ISBLANK(C45),ISBLANK(E45)),B45,CONCATENATE(B45," - ",D45,", ",F45,"kg/m, ",G45,"mm surface perimeter"))))&IF(ISBLANK(H45),"",H45)))} -> 0 | L45: {=IF(COUNT(FIND({0,1,2,3,4,5,6,7,8,9},B45))>0,COUNT(FIND({0,1,2,3,4,5,6,7,8,9},B45))>0,"")} | M45: {=IFERROR(_xlfn.IFS(R45="Count",RANDBETWEEN(1,COUNTIF($R$11:$R$653,"Count")),R45="Length",RANDBETWEEN(1,COUNTIF($R$11:$R$653,"Length"))),"")} | N45: =IFERROR(_xlfn.RANK.EQ(M45,$M$11:$M$653)+COUNTIF($M$11:M45,M45)-1,"") | O45: =IF(A45='DATA SHEET'!$L$36,C45,IFERROR(IF(AND(ISTEXT(I45),ISBLANK(C45)),"No details",VLOOKUP(C45,DimFolder,2,FALSE)),"")) | P45: =IF(AND(ISBLANK(B45),ISBLANK(C45)),"",CONCATENATE("Structural\Structural Steel\",A45,"\",O45)) | Q45: =IF(AND(ISBLANK(B45),ISBLANK(C45)),"",I45) | R45: {=IF(INDEX(Table2[],_xlfn.XMATCH($A45,Table2[Steel Member],0),_xlfn.XMATCH(R$2,Table2[#Headers],0))=0,"",INDEX(Table2[],_xlfn.XMATCH($A45,Table2[Steel Member],0),_xlfn.XMATCH(R$2,Table2[#Headers],0)))} -> #N/A | S45: {=IF(INDEX(Table2[],_xlfn.XMATCH($A45,Table2[Steel Member],0),_xlfn.XMATCH(S$2,Table2[#Headers],0))=0,"",INDEX(Table2[],_xlfn.XMATCH($A45,Table2[Steel Member],0),_xlfn.XMATCH(S$2,Table2[#Headers],0)))} -> #N/A | T45: =IF(AND(ISBLANK(B45),ISBLANK(C45)),"","t") | U45: =VLOOKUP(N45,'COLOR CODE'!$B:$D,2,FALSE) -> #N/A | V45: =IF(AND(ISBLANK(B45),ISBLANK(C45)),"","Red") | W45: {=IF(INDEX(Table2[],_xlfn.XMATCH($A45,Table2[Steel Member],0),_xlfn.XMATCH(W$2,Table2[#Headers],0))=0,"",INDEX(Table2[],_xlfn.XMATCH($A45,Table2[Steel Member],0),_xlfn.XMATCH(W$2,Table2[#Headers],0)))} -> #N/A | X45: =W45 -> #N/A | Y45: {=IF(INDEX(Table2[],_xlfn.XMATCH($A45,Table2[Steel Member],0),_xlfn.XMATCH(Y$2,Table2[#Headers],0))=0,"",INDEX(Table2[],_xlfn.XMATCH($A45,Table2[Steel Member],0),_xlfn.XMATCH(Y$2,Table2[#Headers],0)))} -> #N/A | Z45: {=IF(INDEX(Table2[],_xlfn.XMATCH($A45,Table2[Steel Member],0),_xlfn.XMATCH(Z$2,Table2[#Headers],0))=0,"",INDEX(Table2[],_xlfn.XMATCH($A45,Table2[Steel Member],0),_xlfn.XMATCH(Z$2,Table2[#Headers],0)))} -> #N/A | AA45: {=IF(INDEX(Table2[],_xlfn.XMATCH($A45,Table2[Steel Member],0),_xlfn.XMATCH(AA$2,Table2[#Headers],0))=0,"",INDEX(Table2[],_xlfn.XMATCH($A45,Table2[Steel Member],0),_xlfn.XMATCH(AA$2,Table2[#Headers],0)))} -> #N/A | AB45: {=IF(INDEX(Table2[],_xlfn.XMATCH($A45,Table2[Steel Member],0),_xlfn.XMATCH(AB$2,Table2[#Headers],0))=0,"",INDEX(Table2[],_xlfn.XMATCH($A45,Table2[Steel Member],0),_xlfn.XMATCH(AB$2,Table2[#Headers],0)))} -> #N/A | AC45: {=IFERROR(INDEX(Table8[],_xlfn.XMATCH($O45,Table8[Dimension Name Category],0),_xlfn.XMATCH(AC$2&IF($L45," w/ tag"," w/o tag"),Table8[#Headers],0)),"")} | AD45: =IF(OR($AC45="",$AC45=0),"",IF($A45=Column,"{Length}*XNUMBER({Dimension Group Name},"&$AC45&")/1000","{Length}*XNUMBER({Dimension Group Name},"&$AC45&")/1000*{Slope Factor}")) | AE45: =IF(AND(ISBLANK(B45),ISBLANK(C45)),"",IF($A45=Purlins_Girths_Bracings,"","Steel Surface Area")) | AF45: =IF(AND(ISBLANK(B45),ISBLANK(C45)),"",IF($A45=Purlins_Girths_Bracings,"","m2")) | AG45: {=IFERROR(INDEX(Table8[],_xlfn.XMATCH($O45,Table8[Dimension Name Category],0),_xlfn.XMATCH(AG$2&IF($L45," w/ tag"," w/o tag"),Table8[#Headers],0)),"")} | AH45: =IF(OR($AG45="",$AG45=0),"",IF($A45=Column,"{Length}*XNUMBER({Dimension Group Name},"&$AG45&")/1000","{Length}*XNUMBER({Dimension Group Name},"&$AG45&")/1000*{Slope Factor}")) | AJ45: =IF(OR($A45=Column,$A45=""),"","Slope Length") | AK45: =IF(OR($A45=Column,$A45=""),"","m") | AL45: {=IF(INDEX(Table2[],_xlfn.XMATCH($A45,Table2[Steel Member],0),_xlfn.XMATCH(AL$2,Table2[#Headers],0))=0,"",INDEX(Table2[],_xlfn.XMATCH($A45,Table2[Steel Member],0),_xlfn.XMATCH(AL$2,Table2[#Headers],0)))} -> #N/A | AN45: =IF(OR($A45=Column,$A45=""),"","Slope Factor") | AP45: {=IF(INDEX(Table2[],_xlfn.XMATCH($A45,Table2[Steel Member],0),_xlfn.XMATCH(AP$2,Table2[#Headers],0))=0,"",INDEX(Table2[],_xlfn.XMATCH($A45,Table2[Steel Member],0),_xlfn.XMATCH(AP$2,Table2[#Headers],0)))} -> #N/A
F46: {=IF(COUNT(FIND(PurlinsxGirthsxBracings,$C46))>0,0,ROUNDUP(IF(D46=0,0,VLOOKUP(D46,'DATA SHEET'!$B:$D,2,FALSE)),2))} -> 0 | G46: {=IF(COUNT(FIND(PurlinsxGirthsxBracings,$C46))>0,0,ROUNDUP(IF(D46=0,0,VLOOKUP(D46,'DATA SHEET'!$B:$D,3,FALSE)),2))} -> 0 | I46: {=IF(AND(ISBLANK(B46),ISBLANK(C46),ISBLANK(E46)),0,IF(COUNT(FIND(PurlinsxGirthsxBracings,$C46))>0,IF(B46=0,CONCATENATE(E46," ",C46),CONCATENATE(B46," - ",E46," ",C46)),IF(B46=0,IF(ISBLANK(C46),E46,CONCATENATE(D46,", ",F46,"kg/m, ",G46,"mm surface perimeter")),IF(AND(ISBLANK(C46),ISTEXT(E46)),CONCATENATE(B46," - ",E46),IF(AND(ISBLANK(C46),ISBLANK(E46)),B46,CONCATENATE(B46," - ",D46,", ",F46,"kg/m, ",G46,"mm surface perimeter"))))&IF(ISBLANK(H46),"",H46)))} -> 0 | L46: {=IF(COUNT(FIND({0,1,2,3,4,5,6,7,8,9},B46))>0,COUNT(FIND({0,1,2,3,4,5,6,7,8,9},B46))>0,"")} | M46: {=IFERROR(_xlfn.IFS(R46="Count",RANDBETWEEN(1,COUNTIF($R$11:$R$653,"Count")),R46="Length",RANDBETWEEN(1,COUNTIF($R$11:$R$653,"Length"))),"")} | N46: =IFERROR(_xlfn.RANK.EQ(M46,$M$11:$M$653)+COUNTIF($M$11:M46,M46)-1,"") | O46: =IF(A46='DATA SHEET'!$L$36,C46,IFERROR(IF(AND(ISTEXT(I46),ISBLANK(C46)),"No details",VLOOKUP(C46,DimFolder,2,FALSE)),"")) | P46: =IF(AND(ISBLANK(B46),ISBLANK(C46)),"",CONCATENATE("Structural\Structural Steel\",A46,"\",O46)) | Q46: =IF(AND(ISBLANK(B46),ISBLANK(C46)),"",I46) | R46: {=IF(INDEX(Table2[],_xlfn.XMATCH($A46,Table2[Steel Member],0),_xlfn.XMATCH(R$2,Table2[#Headers],0))=0,"",INDEX(Table2[],_xlfn.XMATCH($A46,Table2[Steel Member],0),_xlfn.XMATCH(R$2,Table2[#Headers],0)))} -> #N/A | S46: {=IF(INDEX(Table2[],_xlfn.XMATCH($A46,Table2[Steel Member],0),_xlfn.XMATCH(S$2,Table2[#Headers],0))=0,"",INDEX(Table2[],_xlfn.XMATCH($A46,Table2[Steel Member],0),_xlfn.XMATCH(S$2,Table2[#Headers],0)))} -> #N/A | T46: =IF(AND(ISBLANK(B46),ISBLANK(C46)),"","t") | U46: =VLOOKUP(N46,'COLOR CODE'!$B:$D,2,FALSE) -> #N/A | V46: =IF(AND(ISBLANK(B46),ISBLANK(C46)),"","Red") | W46: {=IF(INDEX(Table2[],_xlfn.XMATCH($A46,Table2[Steel Member],0),_xlfn.XMATCH(W$2,Table2[#Headers],0))=0,"",INDEX(Table2[],_xlfn.XMATCH($A46,Table2[Steel Member],0),_xlfn.XMATCH(W$2,Table2[#Headers],0)))} -> #N/A | X46: =W46 -> #N/A | Y46: {=IF(INDEX(Table2[],_xlfn.XMATCH($A46,Table2[Steel Member],0),_xlfn.XMATCH(Y$2,Table2[#Headers],0))=0,"",INDEX(Table2[],_xlfn.XMATCH($A46,Table2[Steel Member],0),_xlfn.XMATCH(Y$2,Table2[#Headers],0)))} -> #N/A | Z46: {=IF(INDEX(Table2[],_xlfn.XMATCH($A46,Table2[Steel Member],0),_xlfn.XMATCH(Z$2,Table2[#Headers],0))=0,"",INDEX(Table2[],_xlfn.XMATCH($A46,Table2[Steel Member],0),_xlfn.XMATCH(Z$2,Table2[#Headers],0)))} -> #N/A | AA46: {=IF(INDEX(Table2[],_xlfn.XMATCH($A46,Table2[Steel Member],0),_xlfn.XMATCH(AA$2,Table2[#Headers],0))=0,"",INDEX(Table2[],_xlfn.XMATCH($A46,Table2[Steel Member],0),_xlfn.XMATCH(AA$2,Table2[#Headers],0)))} -> #N/A | AB46: {=IF(INDEX(Table2[],_xlfn.XMATCH($A46,Table2[Steel Member],0),_xlfn.XMATCH(AB$2,Table2[#Headers],0))=0,"",INDEX(Table2[],_xlfn.XMATCH($A46,Table2[Steel Member],0),_xlfn.XMATCH(AB$2,Table2[#Headers],0)))} -> #N/A | AC46: {=IFERROR(INDEX(Table8[],_xlfn.XMATCH($O46,Table8[Dimension Name Category],0),_xlfn.XMATCH(AC$2&IF($L46," w/ tag"," w/o tag"),Table8[#Headers],0)),"")} | AD46: =IF(OR($AC46="",$AC46=0),"",IF($A46=Column,"{Length}*XNUMBER({Dimension Group Name},"&$AC46&")/1000","{Length}*XNUMBER({Dimension Group Name},"&$AC46&")/1000*{Slope Factor}")) | AE46: =IF(AND(ISBLANK(B46),ISBLANK(C46)),"",IF($A46=Purlins_Girths_Bracings,"","Steel Surface Area")) | AF46: =IF(AND(ISBLANK(B46),ISBLANK(C46)),"",IF($A46=Purlins_Girths_Bracings,"","m2")) | AG46: {=IFERROR(INDEX(Table8[],_xlfn.XMATCH($O46,Table8[Dimension Name Category],0),_xlfn.XMATCH(AG$2&IF($L46," w/ tag"," w/o tag"),Table8[#Headers],0)),"")} | AH46: =IF(OR($AG46="",$AG46=0),"",IF($A46=Column,"{Length}*XNUMBER({Dimension Group Name},"&$AG46&")/1000","{Length}*XNUMBER({Dimension Group Name},"&$AG46&")/1000*{Slope Factor}")) | AJ46: =IF(OR($A46=Column,$A46=""),"","Slope Length") | AK46: =IF(OR($A46=Column,$A46=""),"","m") | AL46: {=IF(INDEX(Table2[],_xlfn.XMATCH($A46,Table2[Steel Member],0),_xlfn.XMATCH(AL$2,Table2[#Headers],0))=0,"",INDEX(Table2[],_xlfn.XMATCH($A46,Table2[Steel Member],0),_xlfn.XMATCH(AL$2,Table2[#Headers],0)))} -> #N/A | AN46: =IF(OR($A46=Column,$A46=""),"","Slope Factor") | AP46: {=IF(INDEX(Table2[],_xlfn.XMATCH($A46,Table2[Steel Member],0),_xlfn.XMATCH(AP$2,Table2[#Headers],0))=0,"",INDEX(Table2[],_xlfn.XMATCH($A46,Table2[Steel Member],0),_xlfn.XMATCH(AP$2,Table2[#Headers],0)))} -> #N/A
F47: {=IF(COUNT(FIND(PurlinsxGirthsxBracings,$C47))>0,0,ROUNDUP(IF(D47=0,0,VLOOKUP(D47,'DATA SHEET'!$B:$D,2,FALSE)),2))} -> 0 | G47: {=IF(COUNT(FIND(PurlinsxGirthsxBracings,$C47))>0,0,ROUNDUP(IF(D47=0,0,VLOOKUP(D47,'DATA SHEET'!$B:$D,3,FALSE)),2))} -> 0 | I47: {=IF(AND(ISBLANK(B47),ISBLANK(C47),ISBLANK(E47)),0,IF(COUNT(FIND(PurlinsxGirthsxBracings,$C47))>0,IF(B47=0,CONCATENATE(E47," ",C47),CONCATENATE(B47," - ",E47," ",C47)),IF(B47=0,IF(ISBLANK(C47),E47,CONCATENATE(D47,", ",F47,"kg/m, ",G47,"mm surface perimeter")),IF(AND(ISBLANK(C47),ISTEXT(E47)),CONCATENATE(B47," - ",E47),IF(AND(ISBLANK(C47),ISBLANK(E47)),B47,CONCATENATE(B47," - ",D47,", ",F47,"kg/m, ",G47,"mm surface perimeter"))))&IF(ISBLANK(H47),"",H47)))} -> 0 | L47: {=IF(COUNT(FIND({0,1,2,3,4,5,6,7,8,9},B47))>0,COUNT(FIND({0,1,2,3,4,5,6,7,8,9},B47))>0,"")} | M47: {=IFERROR(_xlfn.IFS(R47="Count",RANDBETWEEN(1,COUNTIF($R$11:$R$653,"Count")),R47="Length",RANDBETWEEN(1,COUNTIF($R$11:$R$653,"Length"))),"")} | N47: =IFERROR(_xlfn.RANK.EQ(M47,$M$11:$M$653)+COUNTIF($M$11:M47,M47)-1,"") | O47: =IF(A47='DATA SHEET'!$L$36,C47,IFERROR(IF(AND(ISTEXT(I47),ISBLANK(C47)),"No details",VLOOKUP(C47,DimFolder,2,FALSE)),"")) | P47: =IF(AND(ISBLANK(B47),ISBLANK(C47)),"",CONCATENATE("Structural\Structural Steel\",A47,"\",O47)) | Q47: =IF(AND(ISBLANK(B47),ISBLANK(C47)),"",I47) | R47: {=IF(INDEX(Table2[],_xlfn.XMATCH($A47,Table2[Steel Member],0),_xlfn.XMATCH(R$2,Table2[#Headers],0))=0,"",INDEX(Table2[],_xlfn.XMATCH($A47,Table2[Steel Member],0),_xlfn.XMATCH(R$2,Table2[#Headers],0)))} -> #N/A | S47: {=IF(INDEX(Table2[],_xlfn.XMATCH($A47,Table2[Steel Member],0),_xlfn.XMATCH(S$2,Table2[#Headers],0))=0,"",INDEX(Table2[],_xlfn.XMATCH($A47,Table2[Steel Member],0),_xlfn.XMATCH(S$2,Table2[#Headers],0)))} -> #N/A | T47: =IF(AND(ISBLANK(B47),ISBLANK(C47)),"","t") | U47: =VLOOKUP(N47,'COLOR CODE'!$B:$D,2,FALSE) -> #N/A | V47: =IF(AND(ISBLANK(B47),ISBLANK(C47)),"","Red") | W47: {=IF(INDEX(Table2[],_xlfn.XMATCH($A47,Table2[Steel Member],0),_xlfn.XMATCH(W$2,Table2[#Headers],0))=0,"",INDEX(Table2[],_xlfn.XMATCH($A47,Table2[Steel Member],0),_xlfn.XMATCH(W$2,Table2[#Headers],0)))} -> #N/A | X47: =W47 -> #N/A | Y47: {=IF(INDEX(Table2[],_xlfn.XMATCH($A47,Table2[Steel Member],0),_xlfn.XMATCH(Y$2,Table2[#Headers],0))=0,"",INDEX(Table2[],_xlfn.XMATCH($A47,Table2[Steel Member],0),_xlfn.XMATCH(Y$2,Table2[#Headers],0)))} -> #N/A | Z47: {=IF(INDEX(Table2[],_xlfn.XMATCH($A47,Table2[Steel Member],0),_xlfn.XMATCH(Z$2,Table2[#Headers],0))=0,"",INDEX(Table2[],_xlfn.XMATCH($A47,Table2[Steel Member],0),_xlfn.XMATCH(Z$2,Table2[#Headers],0)))} -> #N/A | AA47: {=IF(INDEX(Table2[],_xlfn.XMATCH($A47,Table2[Steel Member],0),_xlfn.XMATCH(AA$2,Table2[#Headers],0))=0,"",INDEX(Table2[],_xlfn.XMATCH($A47,Table2[Steel Member],0),_xlfn.XMATCH(AA$2,Table2[#Headers],0)))} -> #N/A | AB47: {=IF(INDEX(Table2[],_xlfn.XMATCH($A47,Table2[Steel Member],0),_xlfn.XMATCH(AB$2,Table2[#Headers],0))=0,"",INDEX(Table2[],_xlfn.XMATCH($A47,Table2[Steel Member],0),_xlfn.XMATCH(AB$2,Table2[#Headers],0)))} -> #N/A | AC47: {=IFERROR(INDEX(Table8[],_xlfn.XMATCH($O47,Table8[Dimension Name Category],0),_xlfn.XMATCH(AC$2&IF($L47," w/ tag"," w/o tag"),Table8[#Headers],0)),"")} | AD47: =IF(OR($AC47="",$AC47=0),"",IF($A47=Column,"{Length}*XNUMBER({Dimension Group Name},"&$AC47&")/1000","{Length}*XNUMBER({Dimension Group Name},"&$AC47&")/1000*{Slope Factor}")) | AE47: =IF(AND(ISBLANK(B47),ISBLANK(C47)),"",IF($A47=Purlins_Girths_Bracings,"","Steel Surface Area")) | AF47: =IF(AND(ISBLANK(B47),ISBLANK(C47)),"",IF($A47=Purlins_Girths_Bracings,"","m2")) | AG47: {=IFERROR(INDEX(Table8[],_xlfn.XMATCH($O47,Table8[Dimension Name Category],0),_xlfn.XMATCH(AG$2&IF($L47," w/ tag"," w/o tag"),Table8[#Headers],0)),"")} | AH47: =IF(OR($AG47="",$AG47=0),"",IF($A47=Column,"{Length}*XNUMBER({Dimension Group Name},"&$AG47&")/1000","{Length}*XNUMBER({Dimension Group Name},"&$AG47&")/1000*{Slope Factor}")) | AJ47: =IF(OR($A47=Column,$A47=""),"","Slope Length") | AK47: =IF(OR($A47=Column,$A47=""),"","m") | AL47: {=IF(INDEX(Table2[],_xlfn.XMATCH($A47,Table2[Steel Member],0),_xlfn.XMATCH(AL$2,Table2[#Headers],0))=0,"",INDEX(Table2[],_xlfn.XMATCH($A47,Table2[Steel Member],0),_xlfn.XMATCH(AL$2,Table2[#Headers],0)))} -> #N/A | AN47: =IF(OR($A47=Column,$A47=""),"","Slope Factor") | AP47: {=IF(INDEX(Table2[],_xlfn.XMATCH($A47,Table2[Steel Member],0),_xlfn.XMATCH(AP$2,Table2[#Headers],0))=0,"",INDEX(Table2[],_xlfn.XMATCH($A47,Table2[Steel Member],0),_xlfn.XMATCH(AP$2,Table2[#Headers],0)))} -> #N/A
F48: {=IF(COUNT(FIND(PurlinsxGirthsxBracings,$C48))>0,0,ROUNDUP(IF(D48=0,0,VLOOKUP(D48,'DATA SHEET'!$B:$D,2,FALSE)),2))} -> 0 | G48: {=IF(COUNT(FIND(PurlinsxGirthsxBracings,$C48))>0,0,ROUNDUP(IF(D48=0,0,VLOOKUP(D48,'DATA SHEET'!$B:$D,3,FALSE)),2))} -> 0 | I48: {=IF(AND(ISBLANK(B48),ISBLANK(C48),ISBLANK(E48)),0,IF(COUNT(FIND(PurlinsxGirthsxBracings,$C48))>0,IF(B48=0,CONCATENATE(E48," ",C48),CONCATENATE(B48," - ",E48," ",C48)),IF(B48=0,IF(ISBLANK(C48),E48,CONCATENATE(D48,", ",F48,"kg/m, ",G48,"mm surface perimeter")),IF(AND(ISBLANK(C48),ISTEXT(E48)),CONCATENATE(B48," - ",E48),IF(AND(ISBLANK(C48),ISBLANK(E48)),B48,CONCATENATE(B48," - ",D48,", ",F48,"kg/m, ",G48,"mm surface perimeter"))))&IF(ISBLANK(H48),"",H48)))} -> 0 | L48: {=IF(COUNT(FIND({0,1,2,3,4,5,6,7,8,9},B48))>0,COUNT(FIND({0,1,2,3,4,5,6,7,8,9},B48))>0,"")} | M48: {=IFERROR(_xlfn.IFS(R48="Count",RANDBETWEEN(1,COUNTIF($R$11:$R$653,"Count")),R48="Length",RANDBETWEEN(1,COUNTIF($R$11:$R$653,"Length"))),"")} | N48: =IFERROR(_xlfn.RANK.EQ(M48,$M$11:$M$653)+COUNTIF($M$11:M48,M48)-1,"") | O48: =IF(A48='DATA SHEET'!$L$36,C48,IFERROR(IF(AND(ISTEXT(I48),ISBLANK(C48)),"No details",VLOOKUP(C48,DimFolder,2,FALSE)),"")) | P48: =IF(AND(ISBLANK(B48),ISBLANK(C48)),"",CONCATENATE("Structural\Structural Steel\",A48,"\",O48)) | Q48: =IF(AND(ISBLANK(B48),ISBLANK(C48)),"",I48) | R48: {=IF(INDEX(Table2[],_xlfn.XMATCH($A48,Table2[Steel Member],0),_xlfn.XMATCH(R$2,Table2[#Headers],0))=0,"",INDEX(Table2[],_xlfn.XMATCH($A48,Table2[Steel Member],0),_xlfn.XMATCH(R$2,Table2[#Headers],0)))} -> #N/A | S48: {=IF(INDEX(Table2[],_xlfn.XMATCH($A48,Table2[Steel Member],0),_xlfn.XMATCH(S$2,Table2[#Headers],0))=0,"",INDEX(Table2[],_xlfn.XMATCH($A48,Table2[Steel Member],0),_xlfn.XMATCH(S$2,Table2[#Headers],0)))} -> #N/A | T48: =IF(AND(ISBLANK(B48),ISBLANK(C48)),"","t") | U48: =VLOOKUP(N48,'COLOR CODE'!$B:$D,2,FALSE) -> #N/A | V48: =IF(AND(ISBLANK(B48),ISBLANK(C48)),"","Red") | W48: {=IF(INDEX(Table2[],_xlfn.XMATCH($A48,Table2[Steel Member],0),_xlfn.XMATCH(W$2,Table2[#Headers],0))=0,"",INDEX(Table2[],_xlfn.XMATCH($A48,Table2[Steel Member],0),_xlfn.XMATCH(W$2,Table2[#Headers],0)))} -> #N/A | X48: =W48 -> #N/A | Y48: {=IF(INDEX(Table2[],_xlfn.XMATCH($A48,Table2[Steel Member],0),_xlfn.XMATCH(Y$2,Table2[#Headers],0))=0,"",INDEX(Table2[],_xlfn.XMATCH($A48,Table2[Steel Member],0),_xlfn.XMATCH(Y$2,Table2[#Headers],0)))} -> #N/A | Z48: {=IF(INDEX(Table2[],_xlfn.XMATCH($A48,Table2[Steel Member],0),_xlfn.XMATCH(Z$2,Table2[#Headers],0))=0,"",INDEX(Table2[],_xlfn.XMATCH($A48,Table2[Steel Member],0),_xlfn.XMATCH(Z$2,Table2[#Headers],0)))} -> #N/A | AA48: {=IF(INDEX(Table2[],_xlfn.XMATCH($A48,Table2[Steel Member],0),_xlfn.XMATCH(AA$2,Table2[#Headers],0))=0,"",INDEX(Table2[],_xlfn.XMATCH($A48,Table2[Steel Member],0),_xlfn.XMATCH(AA$2,Table2[#Headers],0)))} -> #N/A | AB48: {=IF(INDEX(Table2[],_xlfn.XMATCH($A48,Table2[Steel Member],0),_xlfn.XMATCH(AB$2,Table2[#Headers],0))=0,"",INDEX(Table2[],_xlfn.XMATCH($A48,Table2[Steel Member],0),_xlfn.XMATCH(AB$2,Table2[#Headers],0)))} -> #N/A | AC48: {=IFERROR(INDEX(Table8[],_xlfn.XMATCH($O48,Table8[Dimension Name Category],0),_xlfn.XMATCH(AC$2&IF($L48," w/ tag"," w/o tag"),Table8[#Headers],0)),"")} | AD48: =IF(OR($AC48="",$AC48=0),"",IF($A48=Column,"{Length}*XNUMBER({Dimension Group Name},"&$AC48&")/1000","{Length}*XNUMBER({Dimension Group Name},"&$AC48&")/1000*{Slope Factor}")) | AE48: =IF(AND(ISBLANK(B48),ISBLANK(C48)),"",IF($A48=Purlins_Girths_Bracings,"","Steel Surface Area")) | AF48: =IF(AND(ISBLANK(B48),ISBLANK(C48)),"",IF($A48=Purlins_Girths_Bracings,"","m2")) | AG48: {=IFERROR(INDEX(Table8[],_xlfn.XMATCH($O48,Table8[Dimension Name Category],0),_xlfn.XMATCH(AG$2&IF($L48," w/ tag"," w/o tag"),Table8[#Headers],0)),"")} | AH48: =IF(OR($AG48="",$AG48=0),"",IF($A48=Column,"{Length}*XNUMBER({Dimension Group Name},"&$AG48&")/1000","{Length}*XNUMBER({Dimension Group Name},"&$AG48&")/1000*{Slope Factor}")) | AJ48: =IF(OR($A48=Column,$A48=""),"","Slope Length") | AK48: =IF(OR($A48=Column,$A48=""),"","m") | AL48: {=IF(INDEX(Table2[],_xlfn.XMATCH($A48,Table2[Steel Member],0),_xlfn.XMATCH(AL$2,Table2[#Headers],0))=0,"",INDEX(Table2[],_xlfn.XMATCH($A48,Table2[Steel Member],0),_xlfn.XMATCH(AL$2,Table2[#Headers],0)))} -> #N/A | AN48: =IF(OR($A48=Column,$A48=""),"","Slope Factor") | AP48: {=IF(INDEX(Table2[],_xlfn.XMATCH($A48,Table2[Steel Member],0),_xlfn.XMATCH(AP$2,Table2[#Headers],0))=0,"",INDEX(Table2[],_xlfn.XMATCH($A48,Table2[Steel Member],0),_xlfn.XMATCH(AP$2,Table2[#Headers],0)))} -> #N/A
